method	cancer	prop_broad_c	prop_approved_c	prop_anticancer_c	prop_broad_p	prop_approved_p	prop_anticancer_p	prop_broad_p_5union	prop_approved_p_5union	prop_anticancer_p_5union	hit_broad_samples	hit_approved_samples	hit_anticancer_samples	hit_broad_samples_5union	hit_approved_samples_5union	hit_anticancer_samples_5union	hit_broad_mean	hit_approved_mean	hit_anticancer_mean
HyperNetWalk	BRCA	0.76	0.62	0.64	0.460569913850232	0.341948310139165	0.260106030483764	0.566096423017107	0.433903576982893	0.361586314152411	949	946	941	947	937	934	6.02938090241343	4.78698845750262	4.30115424973767
HyperNetWalk	COAD	0.72	0.59	0.6	0.504504504504504	0.385698198198198	0.305743243243243	0.63323782234957	0.512893982808023	0.449856733524355	423	423	420	422	421	416	11.6264775413712	9.52482269503546	8.42080378250591
HyperNetWalk	HNSC	0.76	0.63	0.65	0.490375360923965	0.373435996150144	0.296920115495669	0.636182902584493	0.510934393638171	0.459244532803181	493	493	493	493	491	489	9.83198380566802	7.83198380566802	7.01214574898785
HyperNetWalk	KIRC	0.79	0.65	0.67	0.505402160864346	0.387154861944778	0.310924369747899	0.590488771466314	0.480845442536328	0.412153236459709	369	367	367	367	362	358	6.14092140921409	4.85636856368564	4.28455284552845
HyperNetWalk	KIRP	0.72	0.6	0.57	0.481217616580311	0.376943005181347	0.295984455958549	0.573091849935317	0.465717981888745	0.390685640362225	276	275	266	274	269	262	5.30434782608696	4.1304347826087	3.54347826086957
HyperNetWalk	LIHC	0.78	0.66	0.66	0.535318155283129	0.418563922942207	0.338587273788675	0.664050235478807	0.544740973312402	0.492935635792779	361	361	360	360	358	355	7.64819944598338	6.06371191135734	5.50138504155125
HyperNetWalk	LUAD	0.75	0.62	0.6	0.451048951048951	0.332167832167832	0.25	0.610993657505285	0.496828752642706	0.439746300211416	500	500	496	500	498	496	14.298	11.652	9.37
HyperNetWalk	LUSC	0.71	0.58	0.59	0.529519172245892	0.413877054169203	0.331710286062082	0.683794466403162	0.545454545454545	0.513833992094862	476	476	474	476	473	472	15.2704402515723	12.3731656184486	10.4758909853249
HyperNetWalk	PRAD	0.73	0.58	0.56	0.450856627592426	0.334084761045987	0.247971145175834	0.50897343862168	0.396267049533381	0.307250538406317	459	450	428	452	441	412	3.88912579957356	2.89339019189765	2.30703624733475
HyperNetWalk	STAD	0.78	0.6	0.58	0.477206595538312	0.363239573229874	0.289524733268671	0.628683693516699	0.506876227897839	0.457760314341847	396	396	396	396	396	395	10.9395465994962	8.5264483627204	7.53652392947103
HyperNetWalk	THCA	0.76	0.63	0.62	0.361986118526428	0.274959957287774	0.192738921516284	0.387847446670976	0.296056884292178	0.21590174531351	456	447	429	456	447	428	2.66090712742981	2.207343412527	1.82937365010799
HyperNetWalk	UCEC	0.71	0.52	0.5	0.460574201374848	0.349373230893651	0.271330367974121	0.617250673854447	0.479784366576819	0.428571428571429	504	504	504	504	504	503	11.0972222222222	9.1765873015873	8.46825396825397
DriverRWH	BRCA	0.69	0.58	0.53	NA	NA	NA	NA	NA	NA	NA	NA	NA	NA	NA	NA	NA	NA	NA
DriverRWH	COAD	0.76	0.71	0.59	NA	NA	NA	NA	NA	NA	NA	NA	NA	NA	NA	NA	NA	NA	NA
DriverRWH	HNSC	0.68	0.61	0.52	NA	NA	NA	NA	NA	NA	NA	NA	NA	NA	NA	NA	NA	NA	NA
DriverRWH	KIRC	0.65	0.54	0.51	NA	NA	NA	NA	NA	NA	NA	NA	NA	NA	NA	NA	NA	NA	NA
DriverRWH	KIRP	0.7	0.57	0.53	NA	NA	NA	NA	NA	NA	NA	NA	NA	NA	NA	NA	NA	NA	NA
DriverRWH	LIHC	0.74	0.62	0.56	NA	NA	NA	NA	NA	NA	NA	NA	NA	NA	NA	NA	NA	NA	NA
DriverRWH	LUAD	0.73	0.65	0.41	NA	NA	NA	NA	NA	NA	NA	NA	NA	NA	NA	NA	NA	NA	NA
DriverRWH	LUSC	0.69	0.61	0.42	NA	NA	NA	NA	NA	NA	NA	NA	NA	NA	NA	NA	NA	NA	NA
DriverRWH	PRAD	0.72	0.61	0.49	NA	NA	NA	NA	NA	NA	NA	NA	NA	NA	NA	NA	NA	NA	NA
DriverRWH	STAD	0.77	0.7	0.55	NA	NA	NA	NA	NA	NA	NA	NA	NA	NA	NA	NA	NA	NA	NA
DriverRWH	THCA	0.6	0.51	0.44	NA	NA	NA	NA	NA	NA	NA	NA	NA	NA	NA	NA	NA	NA	NA
DriverRWH	UCEC	0.8	0.71	0.63	NA	NA	NA	NA	NA	NA	NA	NA	NA	NA	NA	NA	NA	NA	NA
DriverMP	BRCA	0.8	0.67	0.69	NA	NA	NA	NA	NA	NA	NA	NA	NA	NA	NA	NA	NA	NA	NA
DriverMP	COAD	0.81	0.68	0.66	NA	NA	NA	NA	NA	NA	NA	NA	NA	NA	NA	NA	NA	NA	NA
DriverMP	HNSC	0.78	0.7	0.7	NA	NA	NA	NA	NA	NA	NA	NA	NA	NA	NA	NA	NA	NA	NA
DriverMP	KIRC	0.64	0.51	0.49	NA	NA	NA	NA	NA	NA	NA	NA	NA	NA	NA	NA	NA	NA	NA
DriverMP	KIRP	0.73	0.58	0.53	NA	NA	NA	NA	NA	NA	NA	NA	NA	NA	NA	NA	NA	NA	NA
DriverMP	LIHC	0.83	0.71	0.71	NA	NA	NA	NA	NA	NA	NA	NA	NA	NA	NA	NA	NA	NA	NA
DriverMP	LUAD	0.78	0.69	0.65	NA	NA	NA	NA	NA	NA	NA	NA	NA	NA	NA	NA	NA	NA	NA
DriverMP	LUSC	0.78	0.69	0.68	NA	NA	NA	NA	NA	NA	NA	NA	NA	NA	NA	NA	NA	NA	NA
DriverMP	PRAD	0.76	0.66	0.65	NA	NA	NA	NA	NA	NA	NA	NA	NA	NA	NA	NA	NA	NA	NA
DriverMP	STAD	0.8	0.68	0.66	NA	NA	NA	NA	NA	NA	NA	NA	NA	NA	NA	NA	NA	NA	NA
DriverMP	THCA	0.81	0.72	0.65	NA	NA	NA	NA	NA	NA	NA	NA	NA	NA	NA	NA	NA	NA	NA
DriverMP	UCEC	0.8	0.7	0.67	NA	NA	NA	NA	NA	NA	NA	NA	NA	NA	NA	NA	NA	NA	NA
DawnRank	BRCA	0.74	0.61	0.57	0.473192771084337	0.36355421686747	0.25421686746988	0.56547619047619	0.450396825396825	0.348544973544974	950	946	941	946	940	933	6.24029380902413	5.10283315844701	4.29380902413431
DawnRank	COAD	0.76	0.66	0.52	0.507488232777065	0.40650406504065	0.299101412066752	0.65993265993266	0.548821548821549	0.442760942760943	423	423	420	423	422	418	12.2671394799054	10.4373522458629	8.52482269503546
DawnRank	HNSC	0.74	0.67	0.56	0.510015408320493	0.400231124807396	0.290446841294299	0.629680998613038	0.515950069348128	0.41747572815534	494	494	494	494	494	488	10.412955465587	8.46558704453441	7.12348178137652
DawnRank	KIRC	0.72	0.63	0.56	0.516694963214488	0.411997736276174	0.294284097340125	0.600891861761427	0.482720178372352	0.366778149386845	369	367	366	368	363	350	6.14092140921409	4.85094850948509	3.89159891598916
DawnRank	KIRP	0.72	0.57	0.49	0.509481668773704	0.40834386852086	0.293931731984829	0.593052109181141	0.482630272952854	0.362282878411911	276	274	271	275	269	257	5.77536231884058	4.48913043478261	3.53260869565217
DawnRank	LIHC	0.82	0.69	0.55	0.577914798206278	0.47085201793722	0.343609865470852	0.664420485175202	0.547169811320755	0.439353099730458	361	361	360	361	357	356	8.19113573407202	6.68698060941828	5.47368421052632
DawnRank	LUAD	0.78	0.7	0.47	0.463490273470539	0.360022554271215	0.248096983366225	0.641901931649331	0.520059435364042	0.417533432392273	500	500	496	500	499	496	15.278	12.704	9.99
DawnRank	LUSC	0.76	0.68	0.53	0.537607891491985	0.430332922318126	0.313193588162762	0.728346456692913	0.62992125984252	0.496062992125984	476	476	474	476	474	472	16.2809224318658	13.3668763102725	10.8700209643606
DawnRank	PRAD	0.78	0.62	0.54	0.477241379310345	0.370114942528736	0.249655172413793	0.536029411764706	0.429411764705882	0.307352941176471	463	457	428	458	446	411	4.33262260127932	3.38592750533049	2.41791044776119
DawnRank	STAD	0.73	0.63	0.53	0.506192568917299	0.395125848981223	0.283260087894527	0.650470219435737	0.550156739811912	0.432601880877743	396	396	396	396	396	392	11.5768261964736	9.54911838790932	7.63476070528967
DawnRank	THCA	0.72	0.62	0.54	0.378191489361702	0.294148936170213	0.196276595744681	0.397567221510883	0.314980793854033	0.209346991037132	455	449	431	454	448	430	2.78833693304536	2.32829373650108	1.86393088552916
DawnRank	UCEC	0.77	0.65	0.57	0.497854077253219	0.391273247496423	0.277539341917024	0.678966789667897	0.566420664206642	0.46309963099631	504	504	504	504	504	503	12.1150793650794	10.3492063492063	8.94246031746032
PDRWH	BRCA	0.83	0.7	0.68	0.449585194639438	0.33918315252074	0.244735162731334	0.536082474226804	0.424889543446244	0.330633284241532	949	947	940	945	937	929	6.03882476390346	4.84994753410283	4.17418677859391
PDRWH	COAD	0.71	0.55	0.52	0.468965517241379	0.360742705570292	0.284880636604775	0.636363636363636	0.516129032258065	0.448680351906158	423	423	420	421	421	417	11.4822695035461	9.1371158392435	7.87234042553191
PDRWH	HNSC	0.74	0.6	0.56	0.454584588893672	0.343951786482996	0.267326732673267	0.621527777777778	0.510416666666667	0.428819444444444	494	494	493	493	492	490	9.53441295546559	7.43522267206478	6.3502024291498
PDRWH	KIRC	0.73	0.57	0.55	0.478523895946763	0.371445856019359	0.277071990320629	0.555851063829787	0.441489361702128	0.361702127659574	369	368	366	367	363	356	5.97831978319783	4.70189701897019	3.9349593495935
PDRWH	KIRP	0.76	0.6	0.59	0.450993377483444	0.356291390728477	0.259602649006622	0.535230352303523	0.428184281842818	0.327913279132791	276	274	268	273	264	250	5.19202898550725	3.91304347826087	3.15217391304348
PDRWH	LIHC	0.84	0.68	0.66	0.482060185185185	0.380787037037037	0.303819444444444	0.598473282442748	0.479389312977099	0.412213740458015	361	361	358	360	357	353	7.27700831024931	5.65373961218837	4.93628808864266
PDRWH	LUAD	0.72	0.55	0.45	0.419290020093771	0.316141995981246	0.237106496985934	0.618069815195072	0.492813141683778	0.42299794661191	500	500	496	500	497	495	14.268	11.26	8.868
PDRWH	LUSC	0.68	0.56	0.5	0.494464944649447	0.384818133895625	0.304164470216131	0.656565656565657	0.531986531986532	0.461279461279461	476	476	474	475	473	471	14.8888888888889	11.7568134171908	9.71698113207547
PDRWH	PRAD	0.85	0.71	0.65	0.4510556621881	0.346449136276392	0.241362763915547	0.506014434643144	0.402566158781075	0.287890938251804	461	457	430	456	445	405	4.11513859275053	3.18550106609808	2.34754797441365
PDRWH	STAD	0.7	0.59	0.54	0.453169347209082	0.341059602649007	0.271050141911069	0.623157894736842	0.498947368421053	0.431578947368421	396	396	396	396	393	394	10.6221662468514	8.07052896725441	6.94710327455919
PDRWH	THCA	0.58	0.48	0.45	0.354648038688877	0.265986029016658	0.184846856528748	0.363341968911917	0.280440414507772	0.198186528497409	455	447	429	455	447	429	2.62203023758099	2.1511879049676	1.77753779697624
PDRWH	UCEC	0.72	0.57	0.56	0.444308943089431	0.34390243902439	0.264634146341463	0.634328358208955	0.495024875621891	0.422885572139304	504	504	504	504	504	503	10.9920634920635	8.74206349206349	7.98214285714286
