Gene Symbol	Name	Entrez GeneId	Genome Location	Tier	Hallmark	Chr Band	Somatic	Germline	Tumour Types(Somatic)	Tumour Types(Germline)	Cancer Syndrome	Tissue Type	Molecular Genetics	Role in Cancer	Mutation Types	Translocation Partner	Other Germline Mut	Other Syndrome	Synonyms
A1CF	APOBEC1 complementation factor	29974	10:50799421-50885675	2		10q11.23	yes		melanoma			E		oncogene	Mis				"ACF,ACF64,ACF65,APOBEC1CF,ASP,CCDS73133.1,ENSG00000148584.14,NM_001198819.1,NP_001185748"
ACSL6	acyl-CoA synthetase long-chain family member 6	23305	5:131949973-132011662	2		5q31.1	yes		"AML, AEL"			L	Dom	fusion	T	ETV6			"ACS2,CCDS34229.1,ENSG00000164398.12,FACL6,KIAA0837,LACS2,LACS5,NM_001009185.2,NP_001009185,Q9UKU0"
AKAP9	A kinase (PRKA) anchor protein (yotiao) 9	10142	7:91940867-92110673	2		7q21.2	yes		papillary thyroid			E	Dom	fusion	T	BRAF			"AKAP350,AKAP450,CCDS5622.1,CG-NAP,ENSG00000127914.16,HYPERION,KIAA0803,LQT11,MU-RMS-40.16A,NM_147185.2,NP_005742,NP_671714.1,PPP1R45,PRKA9,Q99996,YOTIAO"
AKT3	v-akt murine thymoma viral oncogene homolog 3	10000	1:243499720-243843282	2		1q44	yes		GBM			O		oncogene	A				"CCDS31077.1,ENSG00000117020.16,NM_005465.4,NP_005456,PKBG,PRKBG,Q9Y243,RAC-gamma"
ALDH2	aldehyde dehydrogenase 2 family (mitochondrial)	217	12:111766922-111817529	2		12q24.12	yes		leiomyoma			M	Dom	fusion	T	HMGA2			"CCDS9155.1,ENSG00000111275.12,NM_000690.3,NP_000681,P05091"
ANK1	ankyrin 1	286	8:41653225-41896762	2		8p11.21	yes		CCRCC			E			Mis				"ANK,CCDS47849.1,ENSG00000029534.20,NM_001142446.1,NP_001135918,P16157,SPH1"
ARAF	"A-Raf proto-oncogene, serine/threonine kinase"	369	X:47561100-47571920	2		Xp11.3	yes		"cholangiocarcinoma, lung adenocarcinoma, Langerhans cell histiocytosis"			"E, L"		oncogene	Mis				"ARAF1,CCDS75970.1,ENSG00000078061.12,NM_001256196.1,NP_001243125"
ARHGAP5	Rho GTPase activating protein 5	394	14:32077289-32159728	2		14q12	yes		"colon cancer, glioma"			"E, O"		oncogene	Mis				"CCDS32062.1,ENSG00000100852.12,GFI2,NM_001030055.1,NP_001025226,Q13017,RhoGAP5,p190-B,p190BRhoGAP"
ARHGEF10	Rho guanine nucleotide exchange factor 10	9639	8:1824015-1958641	2		8p23.3	yes		colon cancer			E		TSG	D				"CCDS78296.1,ENSG00000104728.15,Gef10,KIAA0294,NM_001308153.1,NP_001295082,O15013"
ARHGEF10L	Rho guanine nucleotide exchange factor 10 like	55160	1:17539835-17697869	2		1p36.13	yes		lymphoma			L		TSG	D				"CCDS182.1,ENSG00000074964.16,FLJ10521,KIAA1626,NM_018125.3,NP_060595,Q9HCE6"
ASPM	Assembly Factor For Spindle Microtubules	259266	1:197084128-197146694	2		1q31.3	yes	yes	"breast cancer, lung cancer, endometrial cancer, melanoma"		nevoid basal cell carcinoma syndrome	"E, O"			"A, F, Mis, N"				"ASP,CCDS1389.1,Calmbp1,ENSG00000066279.17,FLJ10517,FLJ10549,MCPH5,NM_018136.4,NP_060606,Q8IZT6"
ASXL2	"additional sex combs like 2, transcriptional regulator"	55252	2:25741925-25780309	2		2p23.3	yes		"melanoma, CCRCC, AML"			"E, L"		TSG	"O,N, F"				"ASXH2,ENSG00000143970.16,FLJ10898,KIAA1685,Q76L83"
BAZ1A	bromodomain adjacent to zinc finger domain 1A	11177	14:34752737-34875647	2		14q13.2	yes		"uterine carcinosarcoma, colon cancer"			E		TSG	D				"ACF1,CCDS9651.1,ENSG00000198604.10,NM_013448.2,NP_038476,Q9NRL2,WALp1,WCRF180,hACF1"
BCL2L12	BCL2 like 12	83596	19:49665142-49673915	2		19q13.33	yes		"melanoma, SCC"			E		oncogene	Mis				"CCDS12776.1,ENSG00000126453.9,NM_138639.1,NP_619580,Q9HB09"
BCLAF1	BCL2 associated transcription factor 1	9774	6:136256863-136289851	2		6q23.3	yes		"melanoma, SCC"			E			Mis				"BTF,CCDS5177.1,ENSG00000029363.16,KIAA0164,NM_014739.2,NP_055554,Q9NYF8"
BIRC6	baculoviral IAP repeat containing 6	57448	2:32357028-32618899	2		2p22.3	yes		"melanoma, gastric adenocarcinoma, lung adenocarcinoma"			E		"oncogene, fusion"	"T, Mis"	ALK			"BRUCE,CCDS33175.2,ENSG00000115760.13,NM_016252.3,NP_057336,Q9NR09"
BMP5	bone morphogenetic protein 5	653	6:55753645-55875564	2		6p12.1	yes		melanoma			E			Mis				"CCDS4958.1,ENSG00000112175.7,NM_021073.2,NP_066551,P22003"
BTG2	BTG Anti-Proliferation Factor 2	7832	1:203305536-203309602	2		1q32.1	yes		DLBCL			L		TSG	Mis				"APRO1,CCDS1437.1,ENSG00000159388.5,MGC126063,MGC126064,NM_006763.2,NP_006754,P78543,PC3,TIS21"
C15orf65	chromosome 15 open reading frame 65	145788	15:55408548-55418712	2		15q21.3	yes		"PMBL, Hodgkin lymphoma"			L	Dom	fusion	T	CIITA			"CCDS58363.1,ENSG00000261652.2,FLJ27352,H3BRN8,NM_001198784.1,NP_001185713"
CASP3	caspase 3	836	4:184627696-184649475	2		4q35.1	yes		ovarian cancer			E		TSG	D				"CCDS3836.1,CPP32,CPP32B,ENSG00000164305.18,NM_004346.3,NP_004337,NP_001341709.1,NP_001341707.1,NP_001341706.1,P42574,Yama,apopain"
CASP9	caspase 9	842	1:15492270-15524295	2		1p36.21	yes		glioma			O		TSG	D				"APAF-3,CCDS158.1,ENSG00000132906.17,ICE-LAP6,MCH6,NM_001229.4,NP_001220,P55211,PPP1R56"
CBLC	Cas-Br-M (murine) ecotropic retroviral transforming sequence c	23624	19:44777869-44800634	2		19q13.32	yes		"cervical SCC, malignant melanoma"			"E, O"			"A, Mis, N"				"CBL-3,CBL-SL,CCDS12643.1,ENSG00000142273.11,NM_012116.3,NP_036248,Q9ULV8,RNF57"
CCNC	cyclin C	892	6:99542380-99568973	2		6q16.2	yes		T-ALL			L		TSG	D				"CCDS34502.1,CycC,ENSG00000112237.12,NM_005190.3,NP_005181,P24863"
CCR4	C-C motif chemokine receptor 4	1233	3:32951574-32956349	2		3p22.3	yes		adult T-cell leukaemia/lymphoma			L		oncogene	N				"CC-CKR-4,CCDS2656.1,CD194,CKR4,CMKBR4,ChemR13,ENSG00000183813.6,NM_005508.4,NP_005499,P51679,k5-5"
CCR7	C-C motif chemokine receptor 7	1236	17:40553769-40565472	2		17q21.2	yes		adult T-cell leukaemia/lymphoma			L		oncogene	N				"BLR2,CCDS11369.1,CD197,CDw197,CMKBR7,EBI1,ENSG00000126353.3,NM_001838.3,NP_001829,P32248"
CD209	CD209 molecule	30835	19:7739994-7747534	2		19p13.2	yes		prostate carcinoma			E			Mis				"CCDS12186.1,CDSIGN,CLEC4L,DC-SIGN,DC-SIGN1,ENSG00000090659.17,NM_021155.3,NP_066978,Q9NNX6"
CD28	CD28 molecule	940	2:203706548-203738912	2		2q33.2	yes		T-cell lymphoma			L		oncogene	Mis				"CCDS2361.1,ENSG00000178562.17,NM_006139.3,NP_006130,NP_001230006.1,P10747"
CDH10	cadherin 10	1008	5:24487100-24644978	2		5p14.2	yes	yes	melanoma	pancreatic ductal adenocarcinoma		E		TSG	"Mis, F, N"				"CCDS3892.1,ENSG00000040731.10,NM_006727.4,NP_006718,NP_001304153.1,NP_001304151.1,Q9Y6N8"
CDH17	cadherin 17	1015	8:94127171-94208587	2		8q22.1	yes		melanoma			E		oncogene	Mis				"CCDS6260.1,ENSG00000079112.9,HPT-1,NM_004063.3,NP_004054,Q12864,cadherin"
CDKN1A	cyclin dependent kinase inhibitor 1A	1026	6:36678710-36687337	2		6p21.2	yes		bladder cancer			E		"oncogene, TSG"	"F, N"				"CAP20,CCDS4824.1,CDKN1,CIP1,ENSG00000124762.13,NM_001220778.1,NP_001207707,P21,P38936,SDI1,WAF1,p21,p21CIP1,p21Cip1/Waf1"
CEP89	centrosomal protein 89kDa	84902	19:32875925-32971963	2		19q13.11	yes		Spitzoid tumour			E	Dom	fusion	T	BRAF			"CCDC123,CCDS32987.1,ENSG00000121289.17,FLJ14640,NM_032816.4,NP_116205,Q96ST8"
CHD2	chromodomain helicase DNA binding protein 2	1106	15:92900320-93028005	2		15q26.1	yes		"melanoma, large intestine, CLL, monoclonal B lymphocytosis"			"E, L"		TSG	"Mis, F, N"				"CCDS10374.2,DKFZp547I1315,DKFZp686E01200,DKFZp781D1727,ENSG00000173575.20,FLJ38614,NM_001271.3,NP_001262,O14647"
CHIC2	cysteine-rich hydrophobic domain 2	26511	4:54009789-54064690	2		4q12	yes		AML			L	Dom	fusion	T	ETV6			"BTL,CCDS3493.1,ENSG00000109220.10,NM_012110.3,NP_036242,Q9UKJ5"
CHST11	carbohydrate sulfotransferase 11	50515	12:104456973-104762014	2		12q23.3	yes		B-CLL			L		"oncogene, fusion"	T				"C4ST,C4ST1,C4St-1,CCDS9099.1,ENSG00000171310.10,HSA269537,NM_018413.5,NP_060883,Q9NPF2"
CLP1	cleavage and polyadenylation factor I subunit 1	10978	11:57657158-57661868	2		11q12.1	yes		AML			L	Dom	fusion	T	KMT2A			"CCDS7964.1,ENSG00000172409.5,HEAB,Q92989,hClp1"
CNBD1	cyclic nucleotide binding domain containing 1	168975	8:86866445-87382859	2		8q21.3	yes		"gastric cancer, colon cancer"			E			Mis				"CCDS55259.1,ENSG00000176571.11,FLJ35802,NM_173538.2,NP_775809,Q8NA66"
CNTNAP2	contactin associated protein like 2	26047	7:146116359-148420998	2		7q36.1	yes		"glioma, melanoma"			"E, O"		TSG	Mis				"CCDS5889.1,Caspr2,ENSG00000174469.20,KIAA0868,NM_014141.5,NP_054860,NRXN4,Q9UHC6"
COL3A1	collagen type III alpha 1 chain	1281	2:188974320-189012746	2		2q32.2	yes		lipoblastoma			E		fusion	T	PLAG1			"CCDS2297.1,EDS4A,ENSG00000168542.14,NM_000090.3,NP_000081,NP_000081.1,P02461"
COX6C	cytochrome c oxidase subunit VIc	1345	8:99877866-99894062	2		8q22.2	yes		uterine leiomyoma			M	Dom	fusion	T	HMGA2			"CCDS6284.1,ENSG00000164919.10,NM_004374.3,NP_004365,P09669"
CPEB3	cytoplasmic polyadenylation element binding protein 3	22849	10:92048642-92243279	2		10q23.32	yes		lung cancer			E		TSG	D				"CCDS31246.1,ENSG00000107864.14,KIAA0940,Q8NE35"
CRNKL1	crooked neck pre-mRNA splicing factor 1	51340	20:20034368-20056046	2		20p11.23	yes		basal cell carcinoma			E			Mis				"CCDS33446.1,CLF,CRN,Clf1,ENSG00000101343.14,NM_016652.5,NP_057736,Q9BZJ0,SYF3"
CSF1R	colony stimulating factor 1 receptor	1436	5:150053291-150113372	2		5q32	yes		"MDS, CML, AML, hemangioblastoma, CCRCC"			"L, M, E"		oncogene	"Mis, N"		yes	diffuse leukoencephalopathy with spheroids	"C-FMS,CCDS4302.1,CD115,CSFR,ENSG00000182578.13,FMS,NM_005211.3,NP_001275634,NP_005202,NP_001336665.1,P07333"
CSMD3	CUB and Sushi multiple domains 3	114788	8:112222928-113437099	2		8q23.3	yes		"ovarian cancer, oral SCC, lung cancer"			E		TSG	"Mis, N"				"CCDS6315.1,ENSG00000164796.17,NM_198123.1,NP_937756,Q7Z407"
CTNNA1	Catenin Alpha 1	1495	5:138753423-138935034	2		5q31.2	yes	yes	"AML, MDS, cutaneous melanoma"	gastric cancer	Hereditary Diffuse Gastric Cancer Syndrome	"E, L"		"TSG, fusion"	"D, Mis, N, T"	RAF1			"CAP102,CCDS34243.1,ENSG00000044115.20,NM_001903.4,NP_001310912,NP_001310911,NP_001894,NP_001310913,NP_001277239.1,NP_001277238.1,NP_001310914.1,NP_001310915.1,P35221"
CTNNA2	catenin alpha 2	1496	2:79651552-80648689	2		2p12	yes		gastric cancer			E		oncogene	"Mis, S"				"CAP-R,CCDS62944.1,CT114,ENSG00000066032.18,NM_001282597.2,NP_001269526,P26232"
CTNND1	catenin delta 1	1500	11:57761797-57819178	2		11q12.1	yes		large intestine carcinoma			E			N				"CCDS44604.1,CTNND,ENSG00000198561.13,KIAA0384,NM_001085458.1,NP_001078927,O60716,p120,p120cas,p120ctn"
CTNND2	catenin delta 2	1501	5:10971840-11904043	2		5p15.2	yes		"prostae adenocarcinoma, GIST"			E		oncogene	Mis				"CCDS3881.1,ENSG00000169862.18,GT24,NM_001332.3,NPRAP,NP_001323,Q9UQB3"
CUL3	cullin 3	8452	2:224470150-224585348	2		2q36.2	yes		lung cancer			E		TSG	N				"CCDS2462.1,ENSG00000036257.12,NM_003590.4,NP_003581,Q13618"
CYP2C8	cytochrome P450 family 2 subfamily C member 8	1558	10:95036773-95069497	2		10q23.33	yes		melanoma			E			Mis				"CCDS7438.1,CPC8,ENSG00000138115.13,NM_000770.3,NP_000761,P10632"
CYSLTR2	cysteinyl leukotriene receptor 2	57105	13:48706555-48711226	2		13q14.2	yes		uveal melanoma			E		oncogene	Mis				"CCDS9412.1,CYSLT2R,CysLT(2),ENSG00000152207.7,NM_001308471.1,NP_001295400,Q9NS75"
DCAF12L2	DDB1 and CUL4 associated factor 12 like 2	340578	X:126163499-126166097	2		Xq25	yes		CRC			E			Mis				"CCDS43991.1,ENSG00000198354.6,NM_001013628.2,NP_001013650,Q5VW00,WDR40C"
DCC	DCC netrin 1 receptor	1630	18:52340172-53535899	2		18q21.2	yes		"CRC, melanoma, SCC"			E			"Mis, N, D"				"CCDS11952.1,ENSG00000187323.11,IGDCC1,NM_005215.3,NP_005206,NTN1R1,P43146"
DGCR8	"DGCR8, microprocessor complex subunit"	54487	22:20080232-20111871	2		22q11.21	yes		Wilms tumour			O		oncogene	Mis				"C22orf12,CCDS13773.1,DGCRK6,ENSG00000128191.15,Gy1,NM_022720.6,NP_073557,Q8WYQ5,pasha"
ECT2L	epithelial cell transforming sequence 2 oncogene-like	345930	6:138796111-138904070	2		6q24.1	yes		ETP ALL			L	Rec		"N, S, Mis"				"ARHGEF32,C6orf91,CCDS43508.1,ENSG00000203734.11,FBXO49,LFDH,NM_001077706.2,NP_001071174,Q008S8"
EED	embryonic ectoderm development	8726	11:86245223-86278813	2		11q14.2	yes		"malignant peripheral nerve sheath tumours, MDS and related, lung adenocarcinoma"			"E, L"		TSG	"Mis, F"				"CCDS76463.1,ENSG00000074266.19,HEED,NM_001308007.1,NP_001294936,O75530,WAIT-1"
EIF1AX	"eukaryotic translation initiation factor 1A, X-linked"	107984923	X:20124518-20141844	2		Xp22.12	yes		"uveal melanoma, thyroid cancer (PDTC and ATC), low grade serous ovarian cancer"			E			"Mis, S"				"CCDS14196.1,EIF1A,EIF4C,ENSG00000173674.10,NM_001412.3,NP_001403,P47813,eIF-1A,eIF-4C"
ELF3	E74 like ETS transcription factor 3	1999	1:202007945-202016009	2		1q32.1	yes		pancreatic cancer			E		TSG	"Mis, N, F"				"CCDS1419.1,ENSG00000163435.15,EPR-1,ERT,ESE-1,ESX,P78545"
ELN	elastin	2006	7:74027789-74069907	2		7q11.23	yes		B-ALL			L	Dom	fusion	T	PAX5	yes	"Supravalvular Aortic Stenosis, Cutis laxa , Williams-Beuren Syndrome"	"CCDS75616.1,ENSG00000049540.16,NM_001278939.1,NP_001265868,SVAS,WBS,WS"
EPHA3	EPH receptor A3	2042	3:89107524-89482134	2		3p11.1	yes		"lung cancer, CRC, melanoma"			E			Mis				"CCDS2922.1,ENSG00000044524.10,ETK,ETK1,HEK,HEK4,NM_005233.5,NP_005224,P29320,TYRO4"
EPHA7	EPH receptor A7	2045	6:93240020-93419526	2		6q16.1	yes		"CRC, melanoma"			E			Mis				"CCDS5031.1,ENSG00000135333.13,Hek11,NM_004440.3,NP_004431,NP_001275558.1,Q15375"
FADD	Fas Associated Via Death Domain	8772	11:70203163-70207390	2		11q13.3	yes		"breast cancer, HNSCC"			"E, L"			A				"CCDS8196.1,ENSG00000168040.4,GIG3,MORT1,NM_003824.3,NP_003815,Q13158"
FAM131B	"family with sequence similarity 131, member B"	9715	7:143353400-143362752	2		7q34	yes		pilocytic astrocytoma			O	Dom	fusion	T	BRAF			"CCDS47734.1,ENSG00000159784.17,KIAA0773,NM_001031690.2,NP_001026860,Q86XD5"
FAM135B	family with sequence similarity 135 member B	51059	8:138130023-138496822	2		8q24.23	yes		SCLC			E			Mis				"C8ORFK32,CCDS6375.2,ENSG00000147724.11,NM_015912.3,NP_056996,Q49AJ0"
FAM47C	family with sequence similarity 47 member C	442444	X:37008397-37011666	2		Xp21.1	yes		"melanoma, clear cell sarcoma of soft parts, SCLC"			"E, M"			Mis				"CCDS35227.1,ENSG00000198173.4,NM_001013736.2,NP_001013758,Q5HY64"
FAT3	FAT atypical cadherin 3	120114	11:92352541-92896470	2		11q14.3	yes		"SCC, colon adenocarcinoma, gastric adenocarcinoma"			E			Mis				"CDHF15,CDHR10,ENSG00000165323.15,KIAA1989"
FBLN2	fibulin 2	2199	3:13549131-13638422	2		3p25.1	yes		"breast cancer, colorectal adenocarcinoma"			E		TSG	"Mis, S"				"CCDS46761.1,ENSG00000163520.13,NM_001004019.1,NP_001004019,P98095"
FEN1	flap structure-specific endonuclease 1	2237	11:61792637-61797244	2		11q12.2		yes		breast cancer		E		TSG					"CCDS8010.1,ENSG00000168496.3,FEN-1,MF1,NM_004111.5,NP_004102,P39748,RAD2"
FKBP9	FK506 binding protein 9	11328	7:32957404-33006930	2		7p14.3	yes		glioma			O			Mis				"CCDS64622.1,ENSG00000122642.10,FKBP60,FKBP63,NM_001284341.1,NP_001271270,O95302"
FLNA	filamin A	2316	X:154348526-154374638	2		Xq28	yes		phyllodes tumour of the breast			E			"Mis, F, O"				"ABP-280,CCDS48194.1,ENSG00000196924.15,FLN,FLN1,NM_001110556.1,NP_001104026,OPD1,OPD2,P21333"
FNBP1	formin binding protein 1 (FBP17)	23048	9:129887187-130043162	2		9q34.11	yes		AML			L	Dom	fusion	T	KMT2A			"CCDS48040.1,ENSG00000187239.16,FBP17,KIAA0554,NM_015033.2,NP_055848,Q96RU3"
FOXR1	forkhead box R1	283150	11:118971707-118981291	2		11q23.3	yes		neuroblastoma			O		"oncogene, fusion"	T				"CCDS31688.1,DLNB13,ENSG00000176302.12,FOXN5,NM_181721.2,NP_859072,Q6PIV2"
GLI1	GLI family zinc finger 1	2735	12:57460138-57472262	2		12q13.3	yes		"CRC, oesophagus cancer"			E		"oncogene, fusion"	"T, F"		yes	IBD	"CCDS8940.1,ENSG00000111087.9,GLI,NM_005269.2,NP_005260,P08151"
GMPS	guanine monphosphate synthetase	8833	3:155870536-155944026	2		3q25.31	yes		AML			L	Dom	fusion	T	KMT2A			"CCDS46941.1,ENSG00000163655.15,GATD7,NM_003875.2,NP_003866,P49915"
GOLPH3	Golgi Phosphoprotein 3	64083	5:32124704-32174350	2		5p13.3	yes		"breast cancer, NSCLC, ovarian cancer"			E			A				"CCDS3896.1,ENSG00000113384.13,GOPP1,GPP34,MIDAS,NM_022130.3,NP_071413,Q9H4A6,Vps74"
GPC5	glypican 5	2262	13:91398607-92867237	2		13q31.3	yes		lung adenocarcinoma			E		TSG	D				"CCDS9468.1,ENSG00000179399.14,NM_004466.5,NP_004457,P78333"
GRM3	glutamate metabotropic receptor 3	2913	7:86643914-86864884	2		7q21.12	yes		"melanoma, oral SCC"			E		oncogene	"Mis, A"				"CCDS5600.1,ENSG00000198822.10,GPRC1C,MGLUR3,NM_000840.2,NP_000831,Q14832,mGlu3"
GSK3B	Glycogen Synthase Kinase 3 Beta	2932	3:119826686-120093666	2		3q13.33	yes		endometrial cancer			E			"F, Mis, N"				"CCDS2996.1,ENSG00000082701.14,NM_002093.3,NP_002084,P49841"
GTF2I	General transcription factor IIi	2969	7:74657685-74760692	2		7q11.23	yes		thymoma			E			Mis			Williams-Beuren syndrome	"BAP-135,BTKAP1,CCDS5573.1,DIWS,ENSG00000263001.5,IB291,NM_032999.3,NP_127492,P78347,SPIN,TFII-I,WBSCR6"
HMGN2P46	high mobility group nucleosomal binding domain 2 pseudogene 46		15:45511136-45556730	2		15q21.1	yes		prostate			E	Dom	fusion	T	ETV1			
ID3	"inhibitor of DNA binding 3, HLH protein"	3399	1:23557918-23559794	2		1p36.12	yes		Burkitt lymphoma			L		TSG	"Mis, N"				"CCDS237.1,ENSG00000117318.8,HEIR-1,NM_002167.4,NP_002158,Q02535,bHLHb25"
IGF2BP2	insulin like growth factor 2 mRNA binding protein 2	10644	3:185643975-185825012	2		3q27.2	yes		lymphoma			L		TSG	D		yes	"Diabetes mellitus, noninsulin-dependent, susceptibility"	"CCDS77870.1,ENSG00000073792.15,IMP-2,NM_001291869.1,NP_001278798"
ISX	intestine specific homeobox	91464	22:35066136-35087387	2		22q12.3	yes		melanoma			E			Mis				"CCDS33640.1,ENSG00000175329.12,Q2M1V0,RAXLX"
ITGAV	integrin subunit alpha V	3685	2:186590065-186680901	2		2q32.1	yes		large intestine carcinoma			E			F				"CCDS2292.1,CD51,ENSG00000138448.11,MSK8,NM_002210.4,NP_002201,NP_002201.1,P06756,VNRA,VTNR"
ITGB1	Integrin subunit beta 1	3688	10:32900319-32957894	2		10p11.22	yes		"cutaneous melanoma, lung adenocarcinoma"			"O, E"			"Mis, N"				"CCDS7174.1,CD29,ENSG00000150093.18,FNRB,GPIIA,MDF2,MSK12,NM_133376.2,NP_596867,P05556"
JAZF1	juxtaposed with another zinc finger gene 1	221895	7:27830573-28180743	2		7p15.2	yes		endometrial stromal tumour			M	Dom	fusion	T	SUZ12			"CCDS5416.1,DKFZp761K2222,ENSG00000153814.11,NM_175061.3,NP_778231,Q86VZ6,TIP27,ZNF802"
KAT7	lysine acetyltransferase 7	11143	17:49788555-49835030	2		17q21.33	yes		CCRCC			E		oncogene	Mis				"CCDS11554.1,ENSG00000136504.11,HBO1,HBOA,MYST2,NM_007067.4,NP_008998,O95251,ZC2HC7"
KIAA1549	KIAA1549	57670	7:138837525-138981318	2		7q34	yes		pilocytic astrocytoma			O	Dom	fusion	T	BRAF			"CCDS56513.1,ENSG00000122778.9,NM_001164665.1,NP_001158137,Q9HCM3"
KNSTRN	kinetochore localized astrin/SPAG5 binding protein	90417	15:40382721-40394245	2		15q15.1	yes		SCC			E		oncogene	Mis				"C15orf23,CCDS42021.1,ENSG00000128944.13,FLJ14502,NM_033286.3,NP_150628,Q9Y448,SKAP,TRAF4AF1,kinastrin"
LARP4B	La ribonucleoprotein domain family member 4B	23185	10:806914-931705	2		10p15.3	yes		"CRC, glioma"			"E, O"		TSG	"F, D"				"CCDS31131.1,ENSG00000107929.14,KIAA0217,LARP5,NM_015155.2,NP_055970,Q92615"
LCP1	lymphocyte cytosolic protein 1 (L-plastin)	3936	13:46125920-46211348	2		13q14.13	yes		NHL			L	Dom	fusion	T	BCL6			"CCDS9403.1,CP64,ENSG00000136167.13,L-PLASTIN,LC64P,P13796,PLS2"
LEPROTL1	leptin receptor overlapping transcript like 1	23484	8:30095480-30138348	2		8p12	yes		"lung cancer, colon cancer"			E		TSG	D				"CCDS47834.1,ENSG00000104660.17,NM_001128208.1,NP_001121680,O95214,Vps55,my047"
LHFPL6	lipoma HMGIC fusion partner	10186	13:39342892-39603171	2		13q14.11	yes		lipoma			M	Dom	fusion	T	HMGA2			"CCDS9369.1,ENSG00000183722.7,LHFP,MGC22429,NM_005780.2,NP_005771,Q9Y693"
LSM14A	"LSM14A, SCD6 homolog A (S. cerevisiae)"	26065	19:34172566-34229515	2		19q13.11	yes		Spitzoid tumour			E	Dom	fusion	T	BRAF			"C19orf13,CCDS12435.1,DKFZP434D1335,ENSG00000257103.8,FAM61A,NM_015578.2,NP_056393,Q8ND56,RAP55,RAP55A"
LYN	LYN Proto-Oncogene	4067	8:55879813-56010572	2		8q12.1	yes		"DLBCL, B-ALL, MPN"			L		"oncogene, fusion"	"Mis, T"	"ETV6, GATAD2A, NCOR1"			"CCDS6162.1,ENSG00000254087.7,JTK8,NM_002350.3,NP_002341,P07948"
MACC1	MET transcriptional regulator MACC1	346389	7:20134655-20217390	2		7p21.1	yes		"liver, CRC"			E		oncogene	Mis				"7A5,CCDS5369.1,ENSG00000183742.12,NM_182762.3,NP_877439,Q6ZN28,SH3BP4L"
MALAT1	"metastasis associated lung adenocarcinoma transcript 1 ( lnc-RNA; non-protein coding)"		11:65497762-65506469	2		11q13.1	yes		"renal cell carcinoma (childhood epithelioid), lung"			E	Dom	"oncogene, TSG, fusion"	T	TFEB			
MB21D2	Mab-21 domain containing 2	151963	3:192796815-192918161	2		3q29	yes		lung cancer			E			Mis				"C3orf59,CCDS3302.2,ENSG00000180611.6,NM_178496.3,NP_848591,Q8IYB1"
MDS2	myelodysplastic syndrome 2		1:23581495-23640568	2		1p36.12	yes		MDS			L	Dom	fusion	T	ETV6			
MGMT	O-6-methylguanine-DNA methyltransferase	4255	10:129467184-129768007	2		10q26.3	yes		glioma			O		TSG	D				"CCDS7660.2,ENSG00000170430.9,NM_002412.4,NP_002403,P16455"
MNX1	motor neuron and pancreas homeobox 1	3110	7:157004853-157010651	2		7q36.3	yes		AML			L	Dom	fusion	T	ETV6	yes	Currarino syndrome	"CCDS34788.1,ENSG00000130675.14,HB9,HLXB9,HOXHB9,NM_005515.3,NP_005506,P50219,SCRA1"
MUC16	"mucin 16, cell surface associated"	94025	19:8848844-8981342	2		19p13.2	yes		"HNSCC, melanoma"			E		oncogene	Mis				"CA125,CCDS54212.1,ENSG00000181143.15,FLJ14303,NM_024690.2,NP_078966,Q8WXI7"
MUC4	"mucin 4, cell surface associated"	4585	3:195746765-195812277	2		3q29	yes		HNSCC			E		oncogene	"Mis, O"				"CCDS54700.1,ENSG00000145113.21,NM_018406.6,NP_060876"
MUC6	"mucin 6, oligomeric mucus/gel-forming"	4588	11:1012821-1036706	2		11p15.5	yes		gastric cancer			E			"F, M, O"				"CCDS44513.1,ENSG00000184956.15,NM_005961.2,NP_005952,Q6W4X9"
N4BP2	NEDD4 binding protein 2	55728	4:40056826-40158252	2		4p14	yes		lung cancer			E		TSG	D				"B3BP,CCDS3457.1,ENSG00000078177.13,NM_018177.5,NP_060647,NP_001305288.1,Q86UW6"
NACA	nascent-polypeptide-associated complex alpha polypeptide	4666	12:56712433-56725299	2		12q13.3	yes		NHL			L	Dom	fusion	T	BCL6			"CCDS44925.2,E9PAV3,ENSG00000196531.10,NACA1,NM_001113203.2,NP_001106674"
NBEA	neurobeachin	26960	13:34942287-35672735	2		13q13.3	yes		"large intestine carcinoma, multiple myeloma"			"E, L"			"F, T"	PVT1			"BCL8B,CCDS45026.1,ENSG00000172915.18,FLJ10197,KIAA1544,LYST2,NM_015678.4,NP_056493,Q8NFP9"
NCKIPSD	NCK interacting protein with SH3 domain	51517	3:48673844-48685927	2		3p21.31	yes		ALL			L	Dom	fusion	T	KMT2A			"AF3P21,CCDS2776.1,DIP1,ENSG00000213672.7,NM_016453.3,NP_057537,ORF1,Q9NZQ3,SPIN90,WASLBP,WISH"
NR2F2	Nuclear receptor subfamily 2 group F member 2	7026	15:96330717-96340263	2		15q26.2	yes		"endometrioid carcinoma, soft-tissue sarcoma"			"E, M"			"A, Mis, O"				"ARP1,CCDS10375.1,COUP-TFII,COUPTF2,COUPTFB,ENSG00000185551.14,NF-E3,NM_021005.3,NP_066285,P24468,SVP40,TFCOUP2"
NTHL1	nth like DNA glycosylase 1	4913	16:2039815-2047866	2		16p13.3		yes		CRC	Familial adenomatous polyposis	E		TSG	"N, S"				"CCDS10457.1,ENSG00000065057.7,NM_002528.6,NP_002519,NP_001305123.1,NTH1,OCTS3,P78549"
OMD	osteomodulin	4958	9:92414245-92424461	2		9q22.31	yes		aneurysmal bone cyst			M	Dom	fusion	T	USP6			"CCDS6696.1,ENSG00000127083.7,NM_005014.2,NP_005005,Q99983,SLRR2C,osteoadherin"
PABPC1	poly(A) binding protein cytoplasmic 1	26986	8:100702916-100722712	2		8q22.3	yes		"HNSCC, biliary tract carcinoma"			E		"oncogene, TSG"	"Mis, F"				"CCDS6289.1,ENSG00000070756.15,NM_002568.3,NP_002559,P11940,PAB1,PABP1,PABPC2,PABPL1"
PCBP1	poly(rC) binding protein 1	5093	2:70087454-70089203	2		2p13.3	yes		CRC			E			Mis				"CCDS1898.1,ENSG00000169564.6,HNRPE1,HNRPX,NM_006196.3,NP_006187,Q15365,hnRNP-E1,hnRNP-X"
PIK3R2	Phosphoinositide-3-kinase regulatory subunit 2	5296	19:18153118-18170540	2		19p13.11	yes		ovarian carcinoma			E		oncogene	"A, Mis, F"		yes	Megalencephaly-polymicrogyria-polydactyly-hydrocephalus syndrome 1	"CCDS12371.1,ENSG00000105647.16,NM_005027.3,NP_005018,NP_005018.1,O00459,P85B,p85"
PIK3R3	Phosphoinositide-3-kinase regulatory subunit 3	8503	1:46040140-46132642	2		1p34.1	yes		"epithelial ovarian cancer, glioblastoma, pancreatic ductal adenocarcinoma"			"E, O"			"A, D, F, Mis"				"CCDS529.1,ENSG00000117461.14,NM_003629.3,NP_003620,Q92569,p55"
PLEC	Plectin	5339	8:143915153-143950876	2		8q24.3	yes		breast carcinoma			E		fusion	T	ENPP2			"CCDS43772.1,EBS1,ENSG00000178209.14,NM_201380.3,NP_958782,PCN,PLEC1,PLTN,Q15149"
PMS1	PMS1 postmeiotic segregation increased 1 (S. cerevisiae)	5378	2:189784381-189877629	2		2q32.2		yes		"colorectal, endometrial, ovarian"	hereditary non-polyposis colorectal cancer	E	Rec		"Mis, N"				"CCDS2302.1,ENSG00000064933.17,MLH2,NM_001321048.1,NP_001307974,NP_001307977,NP_000525,NP_001307976,NP_001307975.1,P54277,PMSL1"
POLG	"DNA polymerase gamma, catalytic subunit"	5428	15:89316305-89334847	2		15q26.1	yes		CRC			E		TSG	"N, O"		yes	mitochondrial DNA depletion syndrome	"CCDS10350.1,ENSG00000140521.12,NM_002693.2,NP_001119603,NP_002684,P54098,POLG1,POLGA"
POLR2A	RNA Polymerase II Subunit A	5430	17:7484620-7499758	2		17p13.1	yes		meningioma			O			"Mis, O"			Neurodevelopmental syndrome with hypotonia	"ENSG00000181222.15,P24928,POLR2,POLRA,RPB1"
PRDM2	PR/SET domain 2	7799	1:13704855-13825079	2		1p36.21	yes		"glioma, colon adenocarcinoma, gastric carcinoma, ovarian carcinoma, HNSCC"			"E, O"		TSG	"O, F"				"CCDS150.1,ENSG00000116731.22,HUMHOXY1,KMT8,KMT8A,MTB-ZF,NM_012231.4,NP_036363,Q13029,RIZ,RIZ1,RIZ2"
PRKCB	protein kinase C beta	5579	16:23835983-24220611	2		16p12.2	yes		adult T-cell lymphoma-leukaemia			L			Mis				"CCDS10619.1,ENSG00000166501.13,NM_002738.6,NP_002729,PKC(beta),PKCB,PRKCB1,PRKCB2"
PRKD1	Protein Kinase D1	5587	14:29576942-29927642	2		14q12	yes		"cribriform adenocarcinoma of the minor salivary glands, polymorphous adenocarcinoma of the minor salivary glands"			E		fusion	T	"PRKAR2A, SNX9"		Autosomal dominant polycystic kidney disease	"CCDS81796.1,ENSG00000184304.14,NP_001316998.1,PKC-mu,PKCM,PKD,PRKCM"
PRPF40B	pre-mRNA processing factor 40 homolog B	25766	12:49623436-49644665	2		12q13.12	yes		"melanoma, colon carcinoma, MDS"			"E, L"			"F, N"				"CCDS31796.2,ENSG00000110844.13,HYPC,NM_001031698.2,NP_001026868"
PTPN6	"protein tyrosine phosphatase, non-receptor type 6"	5777	12:6951271-6961316	2		12p13.31	yes		DLBCL			L		TSG	Mis				"CCDS44821.1,ENSG00000111679.16,HCP,HCPH,NM_080549.3,NP_536859,P29350,PTP-1C,SHP-1,SHP1"
PTPRD	"protein tyrosine phosphatase, receptor type D"	5789	9:8314246-10033790	2		9p24.1	yes		"lung cancer, kidney cancer, HNSCC, glioblastoma"			"E, O"		TSG	"D, N, Mis"				"CCDS43786.1,ENSG00000153707.16,HPTP,NM_002839.3,NP_002830,P23468,PTPD"
PWWP2A	PWWP domain containing 2A	114825	5:160091339-160119423	2		5q33.3	yes		Spitzoid tumour			E	Dom	fusion	T	ROS1			"CCDS47332.1,ENSG00000170234.12,KIAA1935,NM_001130864.1,NP_001124336,Q96N64"
RAD17	RAD17 checkpoint clamp loader component	5884	5:69369806-69414801	2		5q13.2	yes		"lymphoma, colon cancer"			"E, L"		TSG	D				"CCDS4003.1,CCYC,ENSG00000152942.18,O75943,RAD17Sp,Rad24"
RAD51	RAD51 recombinase	5888	15:40695174-40731593	2		15q15.1	yes		lung adenocarcinoma			E		"fusion, oncogene"	T	EGFR			"BRCC5,CCDS53931.1,ENSG00000051180.16,FANCR,HsRad51,HsT16930,NM_001164269.1,NP_001157741,Q06609,RAD51A,RECA"
RALGDS	ral guanine nucleotide dissociation stimulator	5900	9:133097720-133121176	2		9q34.2	yes		"PMBL, Hodgkin lymphoma,"			L	Dom	fusion	T	CIITA			"CCDS6959.1,ENSG00000160271.15,NM_006266.3,NP_006257,Q12967,RGDS,RGF,RalGEF"
RAP1B	Ras-Related Protein Rap-1b	5908	12:68610839-68671901	2		12q15	yes		glioma			O		oncogene	"A, Mis"				"CCDS8984.1,DKFZp586H0723,ENSG00000127314.17,K-REV,P61224,RAL1B"
RFWD3	ring finger and WD repeat domain 3	55159	16:74621394-74666881	2		16q23.1	yes	yes	lung cancer		Fanconi anemia W	E		TSG	D				"CCDS32486.1,ENSG00000168411.13,FANCW,FLJ10520,NM_018124.3,NP_060594,Q6PCD5,RNF201"
RGPD3	RANBP2-like and GRIP domain containing 3	653489	2:106404990-106468376	2		2q12.2	yes		endometrioid adenocarcinoma			E			Mis				"A6NKT7,CCDS46379.1,ENSG00000153165.18,NM_001144013.1,NP_001137485,RGP3"
RGS7	regulator of G protein signaling 7	6000	1:240775515-241357230	2		1q43	yes		melanoma			E			Mis				"CCDS31071.1,ENSG00000182901.16,NM_002924.5,NP_002915,P49802"
ROBO2	roundabout guidance receptor 2	6092	3:75906695-77647510	2		3p12.3	yes		"colorectal adenocarcinoma, melanoma"			E		TSG	F				"CCDS54609.1,ENSG00000185008.17,KIAA1568,NM_001128929.3,NP_001122401,Q9HCK4"
ROCK1	Rho associated coiled-coil-containing protein kinase 1	6093	18:20946906-21111851	2		18q11.1	yes		pancreatic ductal adenocarcinoma			E		oncogene	A				"CCDS11870.2,ENSG00000067900.7,NM_005406.2,NP_005397,Q13464,p160ROCK"
S100A7	S100 calcium binding protein A7	6278	1:153457744-153460701	2		1q21.3	yes		"melanoma, T-cell lymphoma"			"L, O"		fusion	T	VAV1			"CCDS1039.1,ENSG00000143556.8,NM_002963.3,NP_002954,P31151,PSOR1,S100A7c"
SEPT5	septin 5	5413	22:19714464-19723319	2		22q11.21	yes		AML			L	Dom	fusion	T	KMT2A			"CCDS13764.1,ENSG00000184702.19,H5,HCDCREL-1,NM_002688.5,NP_002679,PNUTL1,Q99719"
SEPT6	septin 6	23157	X:119617639-119693370	2		Xq24	yes		AML			L	Dom	fusion	T	KMT2A			"CCDS14584.1,ENSG00000125354.22,KIAA0128,MGC16619,MGC20339,NM_015129.5,NP_055944,Q14141,SEP2,SEPT2"
SEPT9	septin 9	10801	17:77281410-77500592	2		17q25.3	yes		AML*			L	Dom	fusion	T	KMT2A			"AF17q25,CCDS45790.1,ENSG00000184640.17,KIAA0991,MSF,MSF1,NM_001113491.1,NP_001106963,PNUTL4,Q9UHD8,SeptD1"
SETD1B	SET domain containing 1B	23067	12:121804180-121830239	2		12q24.31	yes		"CRC, endometrium"			E		TSG	"D, F"				"ENSG00000139718.10,KIAA1076,KMT2G,NP_001340274.1,Q9UPS6,Set1B"
SETDB1	SET domain bifurcated 1	9869	1:150926339-150964735	2		1q21.3	yes		malignant mesothelioma			E		oncogene	"F, Mis"				"CCDS44217.1,ENSG00000143379.12,ESET,KG1T,KIAA0067,KMT1E,NM_001145415.1,NP_001138887,Q15047,TDRD21"
SGK1	serum/glucocorticoid regulated kinase 1	6446	6:134169246-134318058	2		6q23.2	yes		Nodular lymphocyte predominant Hodgkin lymphoma			L		oncogene	Mis				"CCDS47476.1,ENSG00000118515.11,NM_001143676.1,NP_001137148,O00141,SGK"
SHTN1	KIAA1598	57698	10:116883377-117005577	2		10q25.3	yes		Spitzoid tumour			E	Dom	fusion	T	ROS1			"A0MZ66,CCDS44482.1,ENSG00000187164.19,KIAA1598,NM_001127211.2,NP_001120683,shootin-1,shootin1"
SIRPA	signal regulatory protein alpha	140885	20:1894508-1940592	2		20p13	yes		"HNSCC, colorectal cancer, Lung SCC"			E		TSG	"O, F"				"BIT,CCDS82593.1,CD172a,ENSG00000198053.11,MFR,MYD-1,P78324,P84,PTPNS1,SHPS-1,SHPS1,SIRP,SIRP-ALPHA-1,SIRPalpha,SIRPalpha2"
SIX2	SIX homeobox 2	10736	2:45005161-45009430	2		2p21	yes		Wilms tumour			O		oncogene	Mis				"CCDS1822.1,ENSG00000170577.7,NM_016932.4,NP_058628,Q9NPC8"
SKI	SKI proto-oncogene	6497	1:2228695-2310119	2		1p36.33	yes		melanoma			E		oncogene	Mis				"CCDS39.1,ENSG00000157933.9,NM_003036.3,NP_003027,P12755"
SMARCD1	"SWI/SNF related, matrix associated, actin dependent regulator of chromatin, subfamily d, member 1"	6602	12:50084972-50100712	2		12q13.12	yes		breast			E	Rec	TSG	N				"BAF60A,CCDS8797.2,CRACD1,ENSG00000066117.14,NM_003076.4,NP_003067,Q96GM5,Rsc6p"
SMC1A	structural maintenance of chromosomes 1A	8243	X:53374149-53422728	2		Xp11.22	yes		AML			L		TSG	Mis		yes	Cornelia de Lange syndrome	"CCDS14352.1,DXS423E,ENSG00000072501.17,KIAA0178,NM_006306.3,NP_006297,Q14683,SB1.8,SMC1L1,Smcb"
SNX29	RUN domain containing 2A	92017	16:11976738-12574289	2		16p13.13	yes		"PMBL, Hodgkin lymphoma"			L	Dom	fusion	T	CIITA			"CCDS10553.2,ENSG00000048471.13,FLJ12363,NM_032167.4,NP_115543,Q8TEQ0,RUNDC2A"
SOX21	SRY-box 21	11166	13:94709622-94712399	2		13q32.1	yes		multiple myeloma			L		TSG	D				"CCDS9473.1,ENSG00000125285.5,NM_007084.3,NP_009015,Q9Y651,SOX25"
SPECC1	sperm antigen with calponin homology and coiled-coil domains 1	92521	17:20087022-20314755	2		17p11.2	yes		JMML			L	Dom	fusion	T	PDGFRB			"CCDS32590.1,CYTSB,ENSG00000128487.16,FLJ36955,HCMOGT-1,NM_001033553.2,NP_001028725,NSP,Q5M775"
SRGAP3	SLIT-ROBO Rho GTPase activating protein 3	9901	3:8980591-9249379	2		3p25.3	yes		pilocytic astrocytoma			O	Dom	fusion	T	RAF1			"ARHGAP14,CCDS2572.1,ENSG00000196220.15,KIAA0411,MEGAP,NM_014850.3,NP_055665,O43295,SRGAP2,WRP"
STAG1	stromal antigen 1	10274	3:136336233-136752368	2		3q22.3	yes		"colorectal cancer, AML"			"E, L"		TSG	"Mis, N"				"CCDS3090.1,ENSG00000118007.12,NM_005862.2,NP_005853,Q8WVM7,SA-1,SA1,SCC3A"
SUB1	SUB1 Regulator Of Transcription	10923	5:32585499-32604079	2		5p13.3	yes		lung cancer			E			A				"CCDS3897.1,ENSG00000113387.11,NM_006713.3,NP_006704,P53999,PC4,p14,p15"
TEC	tec protein tyrosine kinase	7006	4:48135783-48269864	2		4p12	yes		myxoid chondrosarcoma			M		"oncogene, fusion"	T				"CCDS3481.1,ENSG00000135605.12,NM_003215.2,NP_003206,P42680,PSCTK4"
TFPT	TCF3 (E2A) fusion partner (in childhood leukaemia)	29844	19:54107013-54115675	2		19q13.42	yes		pre-B ALL			L	Dom	fusion	T	TCF3			"CCDS12878.1,ENSG00000105619.13,FB1,INO80F,NM_013342.3,NP_037474,P0C1Z6,amida"
TFRC	"transferrin receptor (p90, CD71)"	7037	3:196049284-196082189	2		3q29	yes		NHL			L	Dom	fusion	T	BCL6			"CCDS3312.1,CD71,ENSG00000072274.12,NM_001128148.2,NP_001121620,P02786,TFR1,p90"
TGFBR1	Transforming growth factor beta-receptor 1	7046	9:99105150-99153658	2		9q22.33	yes		pancreatic ductal adenocarcinoma			E			"D, F, Mis, N"				"ACVRLK4,ALK-5,ALK5,CCDS78413.1,ENSG00000106799.12,ESS1,MSSE,NM_001306210.1,NP_001293139,P36897,TBR-i,TBRI"
THRAP3	thyroid hormone receptor associated protein 3 (TRAP150)	9967	1:36224416-36305357	2		1p34.3	yes		aneurysmal bone cyst			M	Dom	fusion	T	USP6			"BCLAF2,CCDS405.1,ENSG00000054118.13,NM_005119.3,NP_005110,NP_001308402.1,Q9Y2W1,TRAP150"
TMSB4X	Thymosin Beta 4 X-Linked	7114	X:12975110-12977226	2		Xp22.2	yes		DLBCL			L		oncogene	"Mis, S, N, F"				"CCDS35202.1,ENSG00000205542.10,P62328,TB4X,TMSB4"
TNC	tenascin C	3371	9:115020534-115118257	2		9q33.1	yes		"SCC, melanoma"			E		oncogene	Mis				"CCDS6811.1,DFNA56,ENSG00000041982.15,HXB,MGC167029,NM_002160.3,NP_002151,P24821,TN"
TNRC18	Trinucleotide repeat containing 18	84629	7:5306800-5423546	2		7p22.1	yes		"paediatric AML, promyelocytic leukaemia"			L		fusion	T	"HOXA9, IKZF1, RARA, XPO1"			"CAGL79,CCDS47534.1,ENSG00000182095.14,KIAA1856,NM_001080495.2,NP_001073964,O15417,TNRC18A"
TSHR	thyroid stimulating hormone receptor	7253	14:80955043-81146302	2		14q31.1	yes		"toxic thyroid adenoma, thyroid gland follicular carcinoma"			E	Dom		Mis		yes	familial non-autoimmune autosomal dominant hyperthyroidism	"CCDS9872.1,ENSG00000165409.17,LGR3"
USP44	ubiquitin specific peptidase 44	84101	12:95516560-95551490	2		12q22	yes		"lung cancer, colon cancer"			E		TSG	D				"CCDS9053.1,ENSG00000136014.11,FLJ14528,NM_032147.4,NP_115523,NP_001334866.1,NP_001334865.1,Q9H0E7"
USP9X	Ubiquitin Specific Peptidase 9 X-Linked	8239	X:41085635-41236579	2		Xp11.4	yes		colon carcinoma			E		fusion	T	ERAS			"CCDS43930.1,DFFRX,ENSG00000124486.12,FAF,MRX99,NM_001039590.2,NP_001034679,Q93008"
VAV1	vav guanine nucleotide exchange factor 1	7409	19:6772726-6857107	2		19p13.3	yes		T-cell lymphoma			L		fusion	T	"THAP4, MYO1F, S100A7"			"CCDS12174.1,ENSG00000141968.7,NM_005428.3,NP_005419,P15498,VAV"
VTI1A	vesicle transport through interaction with t-SNAREs homolog 1A	143187	10:112447258-112818744	2		10q25.2	yes		colorectal			E	Dom	fusion	T	TCF7L2			"CCDS7575.2,ENSG00000151532.13,MVti1,NM_145206.3,NP_660207,NP_001305134.1,NP_001305132.1,Q96AJ9,Vti1-rp2,Vti1a"
WNK2	WNK lysine deficient protein kinase 2	65268	9:93184930-93318271	2		9q22.31	yes		gastric cancer			E		TSG	Mis				"CCDS75858.1,ENSG00000165238.16,KIAA1760,NM_001282394.1,NP_001269323,NY-CO-43,PRKWNK2,Q9Y3S1,SDCCAG43"
ZCCHC8	"zinc finger, CCHC domain containing 8"	55596	12:122472899-122501073	2		12q24.31	yes		Spitzoid tumour			E	Dom	fusion	T	ROS1			"DKFZp434E2220,ENSG00000033030.13,NM_017612.4,NP_060082,Q6NZY4"
ZEB1	zinc finger E-box binding homeobox 1	6935	10:31319172-31529813	2		10p11.22	yes		"CCRCC, melanoma"			E		oncogene	Mis				"AREB6,BZP,CCDS53505.1,ENSG00000148516.21,FECD6,NIL-2-A,NM_001323676.1,NP_001167567,NP_001310600.1,NP_001310605.1,NP_001310574.1,NP_001310601.1,NP_001310602.1,NP_001310579.1,NP_001310590.1,NP_001310571.1,NP_001310572.1,NP_001310575.1,P37275,PPCD3,TCF8,ZEB,Zfhep,Zfhx1a"
ZMYM3	zinc finger MYM-type containing 3	9203	X:71239624-71254140	2		Xq13.1	yes		"CRC, breast cancer"			E		TSG	F				"CCDS14409.1,DXS6673E,ENSG00000147130.14,KIAA0385,MYM,NM_201599.2,NP_963893,NP_005087,Q14202,ZNF198L2,ZNF261"
ZNF429	zinc finger protein 429	353088	19:21505564-21538078	2		19p12	yes		GBM			O			Mis				"CCDS42537.1,ENSG00000197013.9,NM_001001415.2,NP_001001415,Q86V71"
ZNF479	zinc finger protein 479	90827	7:57119614-57139864	2		7p11.2	yes		"lung cancer, bladder carcinoma, prostate carcinoma"			E			Mis				"CCDS43590.1,ENSG00000185177.12,KR19,NM_033273.2,NP_150376,Q96JC4"
ZNRF3	zinc and ring finger 3	84133	22:28883592-29057487	2		22q12.1	yes		"colorectal cancer, adrenocortical carcinoma, gastric cancer"			E		TSG	"N, F, Mis"				"BK747E2.3,CCDS56225.1,ENSG00000183579.15,FLJ22057,KIAA1133,NM_001206998.1,NP_001193927,Q9ULT6,RNF203"
