"Symbol"	"Mutations"	"Samples"	"Samples (%)"	"Cohorts"
"TP53"	"11,353"	"9,192"	"27.67"	"212"
"KRAS"	"2,883"	"2,676"	"8.06"	"84"
"PIK3CA"	"3,054"	"2,473"	"7.44"	"109"
"BRAF"	"1,799"	"1,427"	"4.3"	"57"
"APC"	"2,805"	"1,394"	"4.2"	"43"
"KMT2D"	"3,067"	"1,342"	"4.04"	"91"
"LRP1B"	"4,890"	"1,264"	"3.81"	"70"
"ARID1A"	"2,074"	"1,169"	"3.52"	"90"
"PTEN"	"1,794"	"1,073"	"3.23"	"78"
"KMT2C"	"2,759"	"1,049"	"3.16"	"79"
"CSMD3"	"4,848"	"917"	"2.76"	"46"
"CTNNB1"	"1,223"	"881"	"2.65"	"47"
"CDKN2A"	"1,180"	"846"	"2.55"	"70"
"NRAS"	"1,036"	"829"	"2.5"	"40"
"IDH1"	"832"	"666"	"2"	"29"
"EGFR"	"1,347"	"653"	"1.97"	"22"
"NF1"	"1,695"	"647"	"1.95"	"57"
"RB1"	"1,269"	"642"	"1.93"	"65"
"FAT1"	"2,006"	"597"	"1.8"	"45"
"SMAD4"	"891"	"592"	"1.78"	"37"
"ATM"	"1,518"	"585"	"1.76"	"50"
"NOTCH1"	"1,491"	"538"	"1.62"	"39"
"FBXW7"	"859"	"485"	"1.46"	"42"
"FAT3"	"3,031"	"434"	"1.31"	"29"
"ARID2"	"1,048"	"418"	"1.26"	"36"
"CREBBP"	"1,385"	"413"	"1.24"	"42"
"KDM6A"	"888"	"402"	"1.21"	"45"
"SMARCA4"	"1,100"	"395"	"1.19"	"45"
"ERBB2"	"867"	"370"	"1.11"	"30"
"PBRM1"	"953"	"367"	"1.1"	"23"
"SETD2"	"1,050"	"353"	"1.06"	"34"
"FAT4"	"3,246"	"326"	"0.98"	"37"
"ATRX"	"1,316"	"324"	"0.98"	"27"
"AR"	"886"	"320"	"0.96"	"17"
"VHL"	"491"	"314"	"0.95"	"6"
"PIK3R1"	"698"	"313"	"0.94"	"24"
"KEAP1"	"632"	"302"	"0.91"	"14"
"NFE2L2"	"545"	"299"	"0.9"	"18"
"EP300"	"1,003"	"292"	"0.88"	"30"
"SF3B1"	"731"	"278"	"0.84"	"25"
"FOXA1"	"595"	"273"	"0.82"	"15"
"CDH1"	"683"	"272"	"0.82"	"18"
"SPOP"	"432"	"256"	"0.77"	"15"
"MAP3K1"	"776"	"233"	"0.7"	"19"
"GATA3"	"655"	"228"	"0.69"	"7"
"ERBB3"	"742"	"218"	"0.66"	"17"
"CDH10"	"1,222"	"217"	"0.65"	"6"
"TRRAP"	"1,437"	"214"	"0.64"	"14"
"FGFR3"	"512"	"204"	"0.61"	"16"
"DDX3X"	"569"	"203"	"0.61"	"23"
"HRAS"	"290"	"198"	"0.6"	"23"
"NBEA"	"1,519"	"198"	"0.6"	"14"
"BAP1"	"557"	"198"	"0.6"	"23"
"ZFHX3"	"1,446"	"194"	"0.58"	"17"
"STK11"	"459"	"191"	"0.57"	"14"
"CASP8"	"427"	"183"	"0.55"	"17"
"BCOR"	"765"	"169"	"0.51"	"23"
"MTOR"	"944"	"167"	"0.5"	"16"
"STAG2"	"682"	"166"	"0.5"	"19"
"NOTCH2"	"973"	"165"	"0.5"	"19"
"BRCA2"	"1,035"	"163"	"0.49"	"20"
"AKT1"	"346"	"163"	"0.49"	"20"
"ESR1"	"482"	"161"	"0.48"	"5"
"PREX2"	"1,501"	"159"	"0.48"	"13"
"BIRC6"	"1,585"	"157"	"0.47"	"21"
"ARHGAP35"	"710"	"157"	"0.47"	"15"
"BCL2"	"621"	"153"	"0.46"	"5"
"PTPRB"	"1,306"	"150"	"0.45"	"6"
"MECOM"	"746"	"148"	"0.45"	"6"
"KMT2A"	"1,223"	"147"	"0.44"	"15"
"RNF43"	"499"	"146"	"0.44"	"21"
"MAP2K4"	"350"	"145"	"0.44"	"15"
"NCOR1"	"961"	"144"	"0.43"	"18"
"RBM10"	"514"	"144"	"0.43"	"16"
"CYLD"	"465"	"143"	"0.43"	"11"
"PTCH1"	"768"	"138"	"0.42"	"16"
"ERBB4"	"1,277"	"138"	"0.42"	"10"
"CDK12"	"695"	"134"	"0.4"	"17"
"SPEN"	"1,257"	"132"	"0.4"	"20"
"ARID1B"	"914"	"132"	"0.4"	"22"
"NSD1"	"924"	"131"	"0.39"	"15"
"CTCF"	"457"	"130"	"0.39"	"8"
"HLA-A"	"417"	"127"	"0.38"	"20"
"FAM135B"	"1,863"	"124"	"0.37"	"9"
"PIM1"	"519"	"123"	"0.37"	"6"
"AXIN1"	"490"	"122"	"0.37"	"9"
"RGS7"	"600"	"122"	"0.37"	"6"
"KIT"	"688"	"118"	"0.36"	"10"
"NACA"	"621"	"118"	"0.36"	"4"
"PPP2R1A"	"375"	"112"	"0.34"	"11"
"DNMT3A"	"534"	"111"	"0.33"	"13"
"TCF7L2"	"372"	"110"	"0.33"	"7"
"PTPRD"	"1,587"	"108"	"0.33"	"12"
"MYD88"	"186"	"108"	"0.33"	"10"
"PTPN11"	"354"	"107"	"0.32"	"16"
"FGFR2"	"486"	"106"	"0.32"	"10"
"CIC"	"799"	"105"	"0.32"	"4"
"AMER1"	"659"	"103"	"0.31"	"9"
"PABPC1"	"457"	"102"	"0.31"	"8"
"CTNND2"	"1,243"	"101"	"0.3"	"7"
"BRCA1"	"629"	"100"	"0.3"	"11"
"CHD4"	"834"	"99"	"0.3"	"9"
"MYH9"	"808"	"98"	"0.3"	"11"
"RGPD3"	"495"	"98"	"0.3"	"3"
"TSC1"	"506"	"97"	"0.29"	"14"
"BTG1"	"269"	"96"	"0.29"	"6"
"AKAP9"	"1,222"	"95"	"0.29"	"10"
"ROBO2"	"1,217"	"95"	"0.29"	"16"
"SOX9"	"380"	"94"	"0.28"	"5"
"RHOA"	"236"	"94"	"0.28"	"14"
"TBX3"	"483"	"93"	"0.28"	"8"
"ELF3"	"368"	"92"	"0.28"	"9"
"TENT5C"	"276"	"92"	"0.28"	"3"
"USP6"	"606"	"92"	"0.28"	"8"
"RUNX1"	"363"	"90"	"0.27"	"7"
"EZH2"	"357"	"89"	"0.27"	"11"
"MYC"	"622"	"89"	"0.27"	"4"
"CARD11"	"955"	"88"	"0.26"	"11"
"MED12"	"966"	"87"	"0.26"	"14"
"CTNNA2"	"1,260"	"87"	"0.26"	"12"
"ZMYM3"	"602"	"86"	"0.26"	"15"
"ALK"	"874"	"86"	"0.26"	"10"
"ACVR2A"	"378"	"85"	"0.26"	"13"
"ASXL1"	"625"	"85"	"0.26"	"17"
"TGFBR2"	"389"	"83"	"0.25"	"14"
"H3-3A"	"170"	"82"	"0.25"	"3"
"TSC2"	"757"	"81"	"0.24"	"15"
"MYH11"	"886"	"80"	"0.24"	"10"
"MET"	"624"	"80"	"0.24"	"9"
"U2AF1"	"193"	"78"	"0.23"	"15"
"MAP2K1"	"266"	"78"	"0.23"	"6"
"IDH2"	"220"	"78"	"0.23"	"8"
"GRIN2A"	"1,540"	"78"	"0.23"	"6"
"KDR"	"936"	"77"	"0.23"	"9"
"ERCC2"	"347"	"77"	"0.23"	"6"
"RUNX1T1"	"751"	"76"	"0.23"	"7"
"CDKN1A"	"218"	"75"	"0.23"	"9"
"PPP6C"	"166"	"74"	"0.22"	"5"
"GNAQ"	"220"	"73"	"0.22"	"4"
"DICER1"	"572"	"73"	"0.22"	"4"
"ZEB1"	"585"	"73"	"0.22"	"6"
"NF2"	"317"	"68"	"0.2"	"13"
"MUC6"	"1,339"	"66"	"0.2"	"3"
"RANBP2"	"868"	"65"	"0.2"	"7"
"TNFRSF14"	"175"	"64"	"0.19"	"5"
"SGK1"	"438"	"64"	"0.19"	"6"
"KDM5C"	"504"	"63"	"0.19"	"10"
"ZNF521"	"963"	"62"	"0.19"	"9"
"BCLAF1"	"764"	"62"	"0.19"	"5"
"POLQ"	"857"	"61"	"0.18"	"4"
"RAC1"	"150"	"61"	"0.18"	"5"
"CCND1"	"210"	"60"	"0.18"	"4"
"MAX"	"152"	"60"	"0.18"	"10"
"GTF2I"	"297"	"60"	"0.18"	"1"
"MGA"	"1,053"	"60"	"0.18"	"5"
"CDKN1B"	"222"	"59"	"0.18"	"12"
"BTG2"	"175"	"59"	"0.18"	"6"
"ID3"	"166"	"59"	"0.18"	"5"
"B2M"	"263"	"59"	"0.18"	"10"
"PCBP1"	"215"	"58"	"0.17"	"9"
"NCOR2"	"1,044"	"58"	"0.17"	"10"
"CDH11"	"745"	"57"	"0.17"	"7"
"SOCS1"	"262"	"57"	"0.17"	"5"
"PRDM1"	"487"	"57"	"0.17"	"7"
"GNAS"	"280"	"57"	"0.17"	"12"
"CBFB"	"148"	"56"	"0.17"	"5"
"MEN1"	"346"	"56"	"0.17"	"9"
"TBL1XR1"	"312"	"56"	"0.17"	"9"
"SMO"	"316"	"55"	"0.17"	"10"
"IRF4"	"329"	"55"	"0.17"	"8"
"P2RY8"	"288"	"55"	"0.17"	"8"
"SETD1B"	"534"	"55"	"0.17"	"8"
"FLT3"	"539"	"50"	"0.15"	"8"
"MYCN"	"261"	"50"	"0.15"	"8"
"TET2"	"588"	"50"	"0.15"	"9"
"ANK1"	"1,134"	"49"	"0.15"	"7"
"RET"	"621"	"49"	"0.15"	"6"
"MEF2B"	"192"	"48"	"0.14"	"5"
"JAK1"	"484"	"47"	"0.14"	"10"
"HLA-B"	"463"	"47"	"0.14"	"6"
"FOXO1"	"281"	"46"	"0.14"	"6"
"CD79B"	"177"	"45"	"0.14"	"5"
"ACVR1B"	"304"	"44"	"0.13"	"8"
"STAT3"	"401"	"44"	"0.13"	"7"
"TET1"	"737"	"44"	"0.13"	"8"
"PDGFRA"	"668"	"43"	"0.13"	"9"
"RASA1"	"515"	"43"	"0.13"	"2"
"CUX1"	"693"	"43"	"0.13"	"7"
"EIF1AX"	"129"	"43"	"0.13"	"7"
"CHD2"	"658"	"43"	"0.13"	"7"
"TMSB4X"	"106"	"43"	"0.13"	"6"
"FBLN2"	"569"	"42"	"0.13"	"8"
"LATS1"	"439"	"42"	"0.13"	"6"
"RNF213"	"1,511"	"42"	"0.13"	"11"
"EBF1"	"526"	"41"	"0.12"	"6"
"FUBP1"	"368"	"41"	"0.12"	"4"
"H3C2"	"243"	"41"	"0.12"	"5"
"BCL9L"	"574"	"41"	"0.12"	"4"
"GNA11"	"183"	"40"	"0.12"	"2"
"NIPBL"	"981"	"40"	"0.12"	"2"
"POT1"	"382"	"40"	"0.12"	"9"
"RXRA"	"249"	"40"	"0.12"	"3"
"SMAD2"	"233"	"39"	"0.12"	"5"
"MYO5A"	"602"	"39"	"0.12"	"4"
"PTPRC"	"889"	"39"	"0.12"	"4"
"BCL9"	"523"	"38"	"0.11"	"4"
"KLF5"	"235"	"38"	"0.11"	"3"
"ACVR1"	"208"	"38"	"0.11"	"3"
"LZTR1"	"410"	"37"	"0.11"	"4"
"RPS6KA3"	"306"	"36"	"0.11"	"4"
"CADM2"	"457"	"36"	"0.11"	"1"
"STAT6"	"299"	"34"	"0.1"	"4"
"EPHA7"	"840"	"34"	"0.1"	"3"
"PTPRT"	"1,593"	"34"	"0.1"	"8"
"PARP4"	"584"	"34"	"0.1"	"3"
"FBXO11"	"346"	"34"	"0.1"	"5"
"ASXL2"	"568"	"34"	"0.1"	"3"
"NFKBIA"	"185"	"33"	"0.1"	"5"
"BCR"	"513"	"33"	"0.1"	"7"
"XPO1"	"346"	"33"	"0.1"	"8"
"FGFR1"	"343"	"33"	"0.1"	"10"
"ZNF750"	"323"	"32"	"0.1"	"3"
"CCND3"	"161"	"32"	"0.1"	"5"
"MAPK1"	"141"	"31"	"0.09"	"5"
"BCL7A"	"130"	"31"	"0.09"	"4"
"FLT4"	"794"	"31"	"0.09"	"10"
"CUL3"	"347"	"31"	"0.09"	"4"
"ZNF429"	"381"	"31"	"0.09"	"4"
"BRD7"	"255"	"31"	"0.09"	"4"
"UBR5"	"970"	"31"	"0.09"	"7"
"SETDB1"	"501"	"31"	"0.09"	"8"
"SMAD3"	"215"	"30"	"0.09"	"4"
"EPHA3"	"980"	"30"	"0.09"	"5"
"DCAF12L2"	"558"	"30"	"0.09"	"4"
"USP9X"	"822"	"30"	"0.09"	"7"
"BCL6"	"314"	"30"	"0.09"	"4"
"WT1"	"349"	"30"	"0.09"	"4"
"PIK3CB"	"397"	"30"	"0.09"	"5"
"ATF7IP"	"483"	"29"	"0.09"	"2"
"TP63"	"592"	"29"	"0.09"	"5"
"PRKD2"	"373"	"29"	"0.09"	"1"
"PPM1D"	"223"	"29"	"0.09"	"6"
"JAK2"	"358"	"29"	"0.09"	"6"
"SP140"	"547"	"29"	"0.09"	"1"
"TAF1L"	"1,234"	"28"	"0.08"	"1"
"DROSHA"	"553"	"28"	"0.08"	"3"
"ARHGAP5"	"480"	"28"	"0.08"	"7"
"GNA13"	"291"	"28"	"0.08"	"3"
"ZFP36L1"	"329"	"28"	"0.08"	"2"
"NFKBIE"	"147"	"28"	"0.08"	"7"
"IKZF1"	"465"	"27"	"0.08"	"3"
"IL6ST"	"319"	"27"	"0.08"	"4"
"PLXNC1"	"576"	"26"	"0.08"	"1"
"AJUBA"	"222"	"26"	"0.08"	"1"
"SDHA"	"316"	"26"	"0.08"	"3"
"PMS2"	"392"	"26"	"0.08"	"1"
"ROS1"	"1,255"	"26"	"0.08"	"5"
"MB21D2"	"263"	"26"	"0.08"	"4"
"KNL1"	"586"	"26"	"0.08"	"3"
"ATP2B3"	"644"	"25"	"0.08"	"2"
"CACNA1D"	"859"	"25"	"0.08"	"5"
"CNTRL"	"597"	"25"	"0.08"	"3"
"FOXA2"	"284"	"25"	"0.08"	"2"
"MAML2"	"415"	"25"	"0.08"	"3"
"AFDN"	"595"	"25"	"0.08"	"3"
"CNOT9"	"121"	"24"	"0.07"	"2"
"MSN"	"292"	"24"	"0.07"	"4"
"NCOA2"	"541"	"24"	"0.07"	"4"
"FUS"	"215"	"23"	"0.07"	"1"
"GATA2"	"267"	"23"	"0.07"	"5"
"TOP1"	"237"	"23"	"0.07"	"2"
"LATS2"	"469"	"23"	"0.07"	"5"
"DCC"	"1,410"	"23"	"0.07"	"5"
"NIN"	"621"	"23"	"0.07"	"3"
"POU2F2"	"279"	"23"	"0.07"	"4"
"INPPL1"	"572"	"22"	"0.07"	"1"
"PRKD1"	"590"	"22"	"0.07"	"3"
"ARHGEF10"	"412"	"22"	"0.07"	"4"
"PTPRK"	"638"	"22"	"0.07"	"3"
"DAXX"	"269"	"22"	"0.07"	"3"
"KLF4"	"156"	"22"	"0.07"	"5"
"NRG1"	"475"	"22"	"0.07"	"3"
"ABL2"	"403"	"22"	"0.07"	"2"
"SOX17"	"295"	"21"	"0.06"	"1"
"TNC"	"926"	"21"	"0.06"	"7"
"CMTR2"	"248"	"21"	"0.06"	"1"
"ZNF626"	"400"	"21"	"0.06"	"1"
"COL1A1"	"683"	"20"	"0.06"	"5"
"RHPN2"	"366"	"20"	"0.06"	"3"
"HNF1A"	"350"	"20"	"0.06"	"4"
"SIRPA"	"310"	"20"	"0.06"	"5"
"NSD2"	"454"	"20"	"0.06"	"4"
"FAM174B"	"81"	"19"	"0.06"	"3"
"PTPN14"	"579"	"19"	"0.06"	"1"
"RPL10"	"123"	"19"	"0.06"	"2"
"PRKCB"	"536"	"19"	"0.06"	"4"
"ZBTB20"	"448"	"19"	"0.06"	"1"
"ELN"	"383"	"18"	"0.05"	"2"
"KAT6B"	"620"	"18"	"0.05"	"5"
"KLHL6"	"418"	"18"	"0.05"	"2"
"GRM3"	"919"	"18"	"0.05"	"3"
"IL7R"	"460"	"17"	"0.05"	"4"
"ING1"	"118"	"17"	"0.05"	"2"
"ETV6"	"260"	"17"	"0.05"	"4"
"FOXP1"	"336"	"17"	"0.05"	"2"
"IKZF3"	"308"	"16"	"0.05"	"4"
"EPHA2"	"496"	"16"	"0.05"	"3"
"SRSF2"	"137"	"16"	"0.05"	"1"
"PSIP1"	"208"	"16"	"0.05"	"2"
"ZNF208"	"1,248"	"16"	"0.05"	"1"
"KMT2B"	"1,174"	"16"	"0.05"	"2"
"PRKAR1A"	"177"	"16"	"0.05"	"4"
"TFAP4"	"152"	"15"	"0.05"	"3"
"CDK4"	"91"	"15"	"0.05"	"1"
"CLTC"	"488"	"15"	"0.05"	"5"
"RAD21"	"279"	"15"	"0.05"	"3"
"CD209"	"244"	"15"	"0.05"	"3"
"USP7"	"453"	"15"	"0.05"	"2"
"PHF6"	"133"	"15"	"0.05"	"5"
"SOS1"	"396"	"15"	"0.05"	"1"
"TRIM49C"	"214"	"15"	"0.05"	"1"
"ZNF721"	"404"	"15"	"0.05"	"1"
"BCORL1"	"737"	"15"	"0.05"	"6"
"SAMHD1"	"286"	"15"	"0.05"	"1"
"FAS"	"142"	"15"	"0.05"	"3"
"PLCG1"	"432"	"15"	"0.05"	"4"
"CNOT3"	"262"	"14"	"0.04"	"3"
"TCF12"	"250"	"14"	"0.04"	"2"
"ZNF93"	"336"	"14"	"0.04"	"1"
"MED23"	"465"	"14"	"0.04"	"1"
"LIFR"	"548"	"14"	"0.04"	"2"
"HCAR3"	"188"	"14"	"0.04"	"1"
"KNSTRN"	"158"	"13"	"0.04"	"1"
"COL6A3"	"1,904"	"13"	"0.04"	"1"
"USP8"	"310"	"13"	"0.04"	"3"
"ZNF680"	"257"	"13"	"0.04"	"1"
"TGIF1"	"121"	"13"	"0.04"	"1"
"QKI"	"166"	"13"	"0.04"	"2"
"FLG"	"4,229"	"13"	"0.04"	"2"
"CYP2C8"	"329"	"13"	"0.04"	"2"
"ARAF"	"249"	"13"	"0.04"	"3"
"ETV1"	"269"	"13"	"0.04"	"2"
"SMARCB1"	"185"	"13"	"0.04"	"5"
"RRAS2"	"100"	"12"	"0.04"	"2"
"PRDM16"	"628"	"12"	"0.04"	"1"
"SUZ12"	"228"	"12"	"0.04"	"4"
"ATR"	"900"	"12"	"0.04"	"4"
"DGCR8"	"254"	"12"	"0.04"	"4"
"CASZ1"	"675"	"12"	"0.04"	"1"
"SLC34A2"	"406"	"12"	"0.04"	"3"
"NUMA1"	"640"	"12"	"0.04"	"2"
"EFTUD2"	"341"	"12"	"0.04"	"1"
"WNK2"	"786"	"12"	"0.04"	"4"
"ZNF814"	"300"	"12"	"0.04"	"1"
"LDB1"	"171"	"12"	"0.04"	"3"
"BRD4"	"443"	"12"	"0.04"	"4"
"CCND2"	"162"	"11"	"0.03"	"3"
"N4BP2"	"432"	"11"	"0.03"	"3"
"BIRC3"	"213"	"11"	"0.03"	"2"
"DUSP16"	"220"	"11"	"0.03"	"2"
"DHX9"	"434"	"11"	"0.03"	"1"
"RPL5"	"200"	"11"	"0.03"	"4"
"PER3"	"473"	"11"	"0.03"	"1"
"SIN3A"	"499"	"11"	"0.03"	"2"
"MAP2K7"	"238"	"11"	"0.03"	"1"
"PTPN13"	"804"	"11"	"0.03"	"3"
"KLF6"	"129"	"11"	"0.03"	"1"
"IKBKB"	"321"	"11"	"0.03"	"1"
"NTRK3"	"763"	"11"	"0.03"	"2"
"IRF1"	"135"	"10"	"0.03"	"1"
"PDGFRB"	"498"	"10"	"0.03"	"3"
"RPS3A"	"96"	"10"	"0.03"	"1"
"BMP6"	"235"	"10"	"0.03"	"1"
"PLAG1"	"256"	"10"	"0.03"	"2"
"ABL1"	"383"	"10"	"0.03"	"1"
"EIF4A2"	"213"	"10"	"0.03"	"1"
"CIITA"	"527"	"10"	"0.03"	"3"
"NUP98"	"554"	"10"	"0.03"	"1"
"BCL11B"	"472"	"10"	"0.03"	"3"
"NUP214"	"587"	"10"	"0.03"	"2"
"CSF3R"	"328"	"10"	"0.03"	"3"
"DIS3"	"410"	"10"	"0.03"	"1"
"CLTCL1"	"503"	"10"	"0.03"	"2"
"DTX1"	"476"	"10"	"0.03"	"1"
"TNFAIP3"	"323"	"10"	"0.03"	"3"
"BCL10"	"103"	"10"	"0.03"	"3"
"AKT3"	"214"	"10"	"0.03"	"2"
"FLCN"	"224"	"9"	"0.03"	"1"
"PRDM2"	"547"	"9"	"0.03"	"3"
"PTPN6"	"211"	"9"	"0.03"	"3"
"SMC1A"	"377"	"9"	"0.03"	"2"
"ZBTB16"	"358"	"9"	"0.03"	"2"
"TCF4"	"394"	"9"	"0.03"	"2"
"CD58"	"137"	"9"	"0.03"	"2"
"HSPG2"	"1,532"	"9"	"0.03"	"1"
"GPC5"	"532"	"9"	"0.03"	"2"
"CXCR4"	"192"	"8"	"0.02"	"4"
"EGR2"	"209"	"8"	"0.02"	"1"
"HOXC13"	"153"	"8"	"0.02"	"1"
"RBM39"	"186"	"8"	"0.02"	"1"
"EPAS1"	"339"	"8"	"0.02"	"1"
"CBL"	"314"	"8"	"0.02"	"3"
"CPEB3"	"211"	"8"	"0.02"	"1"
"NTRK2"	"422"	"8"	"0.02"	"3"
"NXF1"	"254"	"8"	"0.02"	"2"
"TSHR"	"345"	"8"	"0.02"	"2"
"TERT"	"508"	"8"	"0.02"	"1"
"KDM3B"	"621"	"8"	"0.02"	"2"
"PRKCD"	"233"	"8"	"0.02"	"1"
"HIP1"	"387"	"8"	"0.02"	"3"
"IRAK1"	"221"	"8"	"0.02"	"1"
"CDKN2C"	"72"	"8"	"0.02"	"3"
"RRAGC"	"99"	"8"	"0.02"	"1"
"ZXDB"	"260"	"8"	"0.02"	"1"
"PTMA"	"70"	"8"	"0.02"	"1"
"MYEOV"	"152"	"8"	"0.02"	"1"
"LYN"	"231"	"8"	"0.02"	"3"
"PCMTD1"	"216"	"8"	"0.02"	"1"
"NTRK1"	"497"	"8"	"0.02"	"1"
"FOXL2"	"122"	"8"	"0.02"	"1"
"AFF3"	"751"	"8"	"0.02"	"2"
"FBN2"	"1,639"	"7"	"0.02"	"1"
"KAT6A"	"681"	"7"	"0.02"	"1"
"ERCC3"	"247"	"7"	"0.02"	"2"
"FGFR4"	"382"	"7"	"0.02"	"3"
"GNAI2"	"154"	"7"	"0.02"	"1"
"HLA-DQA1"	"310"	"7"	"0.02"	"1"
"CDC73"	"243"	"7"	"0.02"	"1"
"TGFBR1"	"253"	"7"	"0.02"	"1"
"PPP3CA"	"210"	"7"	"0.02"	"1"
"PDCD1LG2"	"96"	"7"	"0.02"	"2"
"CRLF2"	"129"	"7"	"0.02"	"1"
"ZNF90"	"284"	"7"	"0.02"	"1"
"SNX29"	"372"	"7"	"0.02"	"2"
"SDCBP"	"107"	"6"	"0.02"	"1"
"ACSM3"	"193"	"6"	"0.02"	"1"
"PAX5"	"280"	"6"	"0.02"	"2"
"SUSD2"	"329"	"6"	"0.02"	"1"
"ARHGEF10L"	"453"	"6"	"0.02"	"2"
"NFATC2"	"542"	"6"	"0.02"	"2"
"FGD1"	"346"	"6"	"0.02"	"1"
"CBLB"	"404"	"6"	"0.02"	"2"
"ARHGEF12"	"486"	"6"	"0.02"	"2"
"DOT1L"	"561"	"6"	"0.02"	"2"
"KMT5A"	"128"	"6"	"0.02"	"1"
"TOP2A"	"421"	"6"	"0.02"	"1"
"POLD1"	"442"	"6"	"0.02"	"2"
"CEBPA"	"71"	"6"	"0.02"	"2"
"NUTM1"	"485"	"6"	"0.02"	"2"
"VAV1"	"468"	"6"	"0.02"	"1"
"HNRNPA2B1"	"209"	"6"	"0.02"	"1"
"RRN3"	"163"	"5"	"0.02"	"1"
"EIF3E"	"225"	"5"	"0.02"	"1"
"NKTR"	"328"	"5"	"0.02"	"1"
"DDB2"	"118"	"5"	"0.02"	"2"
"ITGAV"	"392"	"5"	"0.02"	"1"
"AFF4"	"347"	"5"	"0.02"	"1"
"ATP1A1"	"297"	"5"	"0.02"	"1"
"ANKRD11"	"1,042"	"5"	"0.02"	"1"
"KIF5B"	"247"	"5"	"0.02"	"1"
"ELF4"	"258"	"5"	"0.02"	"2"
"BTK"	"316"	"5"	"0.02"	"1"
"TRAF7"	"226"	"5"	"0.02"	"2"
"PSPC1"	"231"	"5"	"0.02"	"1"
"ZNF395"	"192"	"5"	"0.02"	"1"
"NCOA1"	"467"	"5"	"0.02"	"1"
"GPAA1"	"216"	"5"	"0.02"	"1"
"TPR"	"753"	"5"	"0.02"	"2"
"UBXN11"	"236"	"5"	"0.02"	"1"
"PRUNE2"	"1,400"	"5"	"0.02"	"1"
"DSP"	"1,225"	"5"	"0.02"	"1"
"RELA"	"202"	"5"	"0.02"	"1"
"FOXO3"	"183"	"5"	"0.02"	"2"
"ZBTB7B"	"237"	"5"	"0.02"	"1"
"LSM14A"	"133"	"5"	"0.02"	"1"
"TAF15"	"174"	"5"	"0.02"	"2"
"NT5C3A"	"125"	"5"	"0.02"	"1"
"MLLT6"	"322"	"5"	"0.02"	"2"
"SIX1"	"111"	"5"	"0.02"	"1"
"NFKB2"	"264"	"5"	"0.02"	"2"
"CSF1R"	"411"	"5"	"0.02"	"2"
"CYSLTR2"	"164"	"5"	"0.02"	"2"
"TAL1"	"187"	"5"	"0.02"	"1"
"NCAPH"	"259"	"4"	"0.01"	"1"
"NRK"	"943"	"4"	"0.01"	"1"
"RAF1"	"225"	"4"	"0.01"	"1"
"PI4KA"	"721"	"4"	"0.01"	"1"
"RIPK1"	"176"	"4"	"0.01"	"1"
"BARD1"	"274"	"4"	"0.01"	"1"
"PALB2"	"368"	"4"	"0.01"	"1"
"FAT2"	"1,734"	"4"	"0.01"	"1"
"ELL"	"238"	"4"	"0.01"	"2"
"ZCRB1"	"71"	"4"	"0.01"	"1"
"TRIP11"	"506"	"4"	"0.01"	"1"
"ACKR3"	"193"	"4"	"0.01"	"1"
"RASA2"	"301"	"4"	"0.01"	"1"
"STAT5B"	"272"	"4"	"0.01"	"1"
"CTNNA1"	"291"	"4"	"0.01"	"2"
"CAMTA1"	"812"	"4"	"0.01"	"2"
"CSPG4"	"764"	"4"	"0.01"	"1"
"U2AF2"	"191"	"4"	"0.01"	"1"
"NSD3"	"401"	"4"	"0.01"	"1"
"POLE"	"780"	"4"	"0.01"	"2"
"SND1"	"387"	"4"	"0.01"	"1"
"NKX2-1"	"155"	"4"	"0.01"	"1"
"RBM38"	"95"	"4"	"0.01"	"1"
"TRIM33"	"301"	"4"	"0.01"	"2"
"TFRC"	"237"	"4"	"0.01"	"2"
"BAZ1A"	"384"	"4"	"0.01"	"1"
"BMPR1A"	"176"	"4"	"0.01"	"1"
"IRS4"	"617"	"4"	"0.01"	"2"
"MPL"	"231"	"4"	"0.01"	"1"
"RAD50"	"382"	"4"	"0.01"	"1"
"MLLT3"	"226"	"4"	"0.01"	"1"
"CDX2"	"134"	"4"	"0.01"	"1"
"CD274"	"76"	"4"	"0.01"	"1"
"RNF6"	"191"	"4"	"0.01"	"1"
"TRAF3"	"322"	"4"	"0.01"	"1"
"SMARCD1"	"150"	"4"	"0.01"	"2"
"EWSR1"	"275"	"4"	"0.01"	"2"
"TCL1A"	"136"	"4"	"0.01"	"1"
"CHEK2"	"221"	"4"	"0.01"	"1"
"RAP1GDS1"	"210"	"4"	"0.01"	"2"
"JAK3"	"494"	"4"	"0.01"	"1"
"GMPS"	"217"	"4"	"0.01"	"1"
"ADAMTS9"	"833"	"4"	"0.01"	"1"
"DDX6"	"150"	"4"	"0.01"	"2"
"HDAC4"	"475"	"4"	"0.01"	"1"
"ZNRF3"	"320"	"4"	"0.01"	"1"
"RBFOX1"	"557"	"4"	"0.01"	"1"
"CLIP1"	"443"	"4"	"0.01"	"2"
"ABCC4"	"499"	"4"	"0.01"	"1"
"MALT1"	"210"	"4"	"0.01"	"1"
"ALPK1"	"448"	"4"	"0.01"	"1"
"ZNF780A"	"261"	"4"	"0.01"	"1"
"HGF"	"646"	"3"	"0.01"	"1"
"NPRL2"	"107"	"3"	"0.01"	"1"
"RPL22"	"169"	"3"	"0.01"	"1"
"KAT7"	"201"	"3"	"0.01"	"1"
"CCNT1"	"231"	"3"	"0.01"	"1"
"CCDC6"	"192"	"3"	"0.01"	"1"
"FCRL4"	"408"	"3"	"0.01"	"1"
"NVL"	"305"	"3"	"0.01"	"1"
"MSI2"	"143"	"3"	"0.01"	"1"
"NCKIPSD"	"186"	"3"	"0.01"	"1"
"ZRSR2"	"118"	"3"	"0.01"	"1"
"LPA"	"1,152"	"3"	"0.01"	"1"
"FMN2"	"1,895"	"3"	"0.01"	"1"
"CRTC1"	"224"	"3"	"0.01"	"1"
"PEG3"	"1,571"	"3"	"0.01"	"1"
"TRMT12"	"143"	"3"	"0.01"	"1"
"TMPRSS2"	"238"	"3"	"0.01"	"1"
"SMARCA2"	"607"	"3"	"0.01"	"1"
"THRAP3"	"321"	"3"	"0.01"	"1"
"ACSL3"	"220"	"3"	"0.01"	"1"
"COL6A6"	"1,376"	"3"	"0.01"	"1"
"FCGR2B"	"143"	"3"	"0.01"	"1"
"WWTR1"	"130"	"3"	"0.01"	"1"
"PTPN3"	"344"	"3"	"0.01"	"1"
"HLA-C"	"255"	"3"	"0.01"	"1"
"ZBTB48"	"189"	"3"	"0.01"	"1"
"COL2A1"	"781"	"3"	"0.01"	"1"
"NUTM2D"	"62"	"3"	"0.01"	"1"
"SRGAP3"	"463"	"3"	"0.01"	"1"
"MDGA2"	"931"	"3"	"0.01"	"1"
"MARK2"	"320"	"3"	"0.01"	"1"
"PDZD2"	"1,206"	"3"	"0.01"	"1"
"ZNF331"	"300"	"3"	"0.01"	"1"
"FHIT"	"98"	"3"	"0.01"	"1"
"ZMYM2"	"359"	"3"	"0.01"	"1"
"BCL11A"	"515"	"3"	"0.01"	"1"
"SETBP1"	"869"	"3"	"0.01"	"1"
"ATG7"	"224"	"3"	"0.01"	"1"
"ESRRA"	"160"	"2"	"0.01"	"1"
"HSP90AA1"	"243"	"2"	"0.01"	"1"
"SALL4"	"554"	"2"	"0.01"	"1"
"GLI1"	"512"	"2"	"0.01"	"1"
"TFG"	"113"	"2"	"0.01"	"1"
"CCR7"	"132"	"2"	"0.01"	"1"
"RAP1B"	"62"	"2"	"0.01"	"1"
"MLLT1"	"196"	"2"	"0.01"	"1"
"MDM2"	"159"	"2"	"0.01"	"1"
"ALDH2"	"197"	"2"	"0.01"	"1"
"GSK3B"	"137"	"2"	"0.01"	"1"
"LEF1"	"174"	"2"	"0.01"	"1"
"CCAR1"	"357"	"2"	"0.01"	"1"
"PML"	"337"	"2"	"0.01"	"1"
"RSPO2"	"172"	"2"	"0.01"	"1"
"FGD5"	"683"	"2"	"0.01"	"1"
"ERG"	"309"	"2"	"0.01"	"1"
"WNT1"	"113"	"2"	"0.01"	"1"
"NPM1"	"125"	"2"	"0.01"	"1"
"MCM7"	"295"	"2"	"0.01"	"1"
"CEP89"	"276"	"2"	"0.01"	"1"
"ETV5"	"245"	"2"	"0.01"	"1"
"PWWP2A"	"170"	"2"	"0.01"	"1"
"REST"	"307"	"2"	"0.01"	"1"
"ETV4"	"149"	"2"	"0.01"	"1"
"LRIG3"	"406"	"2"	"0.01"	"1"
"PCM1"	"421"	"2"	"0.01"	"1"
"MAF"	"147"	"2"	"0.01"	"1"
"TAL2"	"34"	"2"	"0.01"	"1"
"HIF1A"	"211"	"2"	"0.01"	"1"
"SH2B3"	"173"	"2"	"0.01"	"1"
"TRIM24"	"339"	"2"	"0.01"	"1"
"SHTN1"	"197"	"2"	"0.01"	"1"
"MIB2"	"286"	"2"	"0.01"	"1"
"ELK4"	"117"	"2"	"0.01"	"1"
"ARNT"	"265"	"2"	"0.01"	"1"
"DDR2"	"473"	"2"	"0.01"	"1"
"RBM15"	"299"	"2"	"0.01"	"1"
"SUFU"	"183"	"2"	"0.01"	"1"
"UBE2A"	"91"	"2"	"0.01"	"1"
"HSP90AB1"	"266"	"2"	"0.01"	"1"
"EPS15"	"267"	"2"	"0.01"	"1"
"CHRDL1"	"229"	"2"	"0.01"	"1"
"WAS"	"213"	"2"	"0.01"	"1"
"SOX21"	"71"	"2"	"0.01"	"1"
"TEC"	"234"	"2"	"0.01"	"1"
"FANCA"	"460"	"2"	"0.01"	"1"
"CANT1"	"187"	"2"	"0.01"	"1"
"PICALM"	"212"	"2"	"0.01"	"1"
"AFF1"	"383"	"2"	"0.01"	"1"
"KDM5A"	"533"	"2"	"0.01"	"1"
"MACC1"	"362"	"2"	"0.01"	"1"
"FNDC3B"	"444"	"2"	"0.01"	"1"
"CHD7"	"1,137"	"2"	"0.01"	"1"
"PTK6"	"164"	"2"	"0.01"	"1"
"H4C9"	"90"	"2"	"0.01"	"1"
"ZNF274"	"256"	"2"	"0.01"	"1"
"RECQL4"	"423"	"2"	"0.01"	"1"
"ZCCHC8"	"234"	"2"	"0.01"	"1"
"ACSL6"	"337"	"2"	"0.01"	"1"